{
    "Loss": [
        1.217545520431707e+19,
        1.1268925459401802e+19,
        1.4631445322396598e+19,
        1.5029437745325933e+19,
        1.6277712196828398e+19,
        1.6165122206144135e+19,
        1.776497869476751e+19,
        1.7625106522063241e+19,
        2.143730355107424e+19,
        1.9488874388655178e+19
    ],
    "Returns": [
        -479.29998779296875,
        -476.29998779296875,
        -480.3999938964844,
        -428.8999938964844,
        -357.3999938964844,
        -424.3999938964844,
        -383.3999938964844,
        -446.29998779296875,
        -419.70001220703125,
        -471.1000061035156,
        -389.70001220703125,
        -367.0,
        -358.6000061035156,
        -400.3999938964844,
        -419.5,
        -464.6000061035156,
        -432.6000061035156,
        -377.0,
        -488.70001220703125,
        -409.1000061035156,
        -353.5,
        -382.6000061035156,
        -416.0,
        -454.5,
        -373.8999938964844,
        -463.79998779296875,
        -402.1000061035156,
        -473.29998779296875,
        -452.6000061035156,
        -429.29998779296875,
        -401.8999938964844,
        -472.79998779296875,
        -435.0,
        -392.1000061035156,
        -413.5,
        -436.6000061035156,
        -383.1000061035156,
        -449.79998779296875,
        -419.6000061035156,
        -350.6000061035156,
        -437.0,
        -316.70001220703125,
        -349.20001220703125,
        -346.0,
        -373.70001220703125,
        -350.29998779296875,
        -310.79998779296875,
        -379.6000061035156,
        -425.1000061035156,
        -460.5,
        -375.1000061035156,
        -333.8999938964844,
        -450.20001220703125,
        -349.0,
        -444.79998779296875,
        -478.29998779296875,
        -485.3999938964844,
        -469.70001220703125,
        -353.3999938964844,
        -468.1000061035156,
        -421.20001220703125,
        -443.70001220703125,
        -424.8999938964844,
        -332.5,
        -268.29998779296875,
        -451.0,
        -381.1000061035156,
        -415.20001220703125,
        -462.8999938964844,
        -400.8999938964844,
        -430.8999938964844,
        -449.29998779296875,
        -446.0,
        -356.6000061035156,
        -467.70001220703125,
        -394.1000061035156,
        -434.70001220703125,
        -403.1000061035156,
        -466.79998779296875,
        -440.3999938964844,
        -378.6000061035156,
        -466.70001220703125,
        -447.5,
        -360.0,
        -443.0,
        -473.3999938964844,
        -435.1000061035156,
        -343.8999938964844,
        -464.29998779296875,
        -455.29998779296875,
        -493.0,
        -367.1000061035156,
        -437.1000061035156,
        -346.0,
        -417.79998779296875,
        -435.6000061035156,
        -345.29998779296875,
        -285.5,
        -298.79998779296875,
        -349.79998779296875,
        -284.1000061035156,
        -330.1000061035156,
        -316.29998779296875,
        -365.1000061035156,
        -336.6000061035156,
        -347.29998779296875,
        -258.79998779296875,
        -354.5,
        -357.6000061035156,
        -356.6000061035156,
        -309.1000061035156,
        -283.8999938964844,
        -477.79998779296875,
        -424.6000061035156,
        -337.3999938964844,
        -426.20001220703125,
        -416.20001220703125,
        -407.3999938964844,
        -492.6000061035156,
        -463.3999938964844,
        -484.70001220703125,
        -457.0,
        -360.6000061035156,
        -465.29998779296875,
        -439.20001220703125,
        -393.70001220703125,
        -379.1000061035156,
        -405.79998779296875,
        -301.70001220703125,
        -365.20001220703125,
        -366.5,
        -275.0,
        -352.5,
        -291.20001220703125,
        -377.5,
        -378.0,
        -329.70001220703125,
        -353.6000061035156,
        -344.20001220703125,
        -331.0,
        -375.70001220703125,
        -385.20001220703125,
        -317.5,
        -382.3999938964844,
        -361.20001220703125,
        -452.20001220703125,
        -334.3999938964844,
        -400.79998779296875,
        -454.29998779296875,
        -478.5,
        -384.5,
        -387.29998779296875,
        -397.79998779296875,
        -409.5,
        -403.29998779296875,
        -383.70001220703125,
        -462.20001220703125,
        -432.6000061035156,
        -344.70001220703125,
        -466.1000061035156
    ]
}