{
    "Loss": [
        30556978.0
    ],
    "Returns": [
        -820.5999755859375,
        -804.0,
        -739.7999877929688,
        -700.4000244140625,
        -914.2000122070312,
        -835.7999877929688,
        -807.5999755859375,
        -863.0,
        -818.2000122070312,
        -844.2000122070312,
        -783.5999755859375,
        -898.7999877929688,
        -842.5999755859375,
        -859.7999877929688,
        -767.4000244140625,
        -877.7999877929688
    ]
}