{
    "Loss": [
        23299506.0
    ],
    "Returns": [
        -868.2000122070312,
        -941.5999755859375,
        -945.5999755859375,
        -940.4000244140625,
        -913.7999877929688,
        -823.4000244140625,
        -946.0,
        -925.0,
        -940.7999877929688,
        -948.7999877929688,
        -956.4000244140625,
        -956.7999877929688,
        -820.0,
        -842.7999877929688,
        -868.4000244140625,
        -943.5999755859375
    ]
}