{
    "Loss": [
        808.6200561523438,
        310.06170654296875,
        989.639892578125,
        513.6046142578125,
        1166.3231201171875,
        969.1512451171875
    ],
    "Returns": [
        -366.3999938964844,
        -323.5,
        -438.70001220703125,
        -435.6000061035156,
        -408.3999938964844,
        -444.29998779296875,
        -434.70001220703125,
        -356.79998779296875,
        -435.0,
        -411.3999938964844,
        -362.79998779296875,
        -441.6000061035156,
        -393.5,
        -286.6000061035156,
        -444.8999938964844,
        -431.8999938964844,
        -298.3999938964844,
        -298.3999938964844,
        -298.3999938964844,
        -298.3999938964844,
        -298.3999938964844,
        -298.3999938964844,
        -298.3999938964844,
        -298.3999938964844,
        -298.3999938964844,
        -298.3999938964844,
        -298.3999938964844,
        -298.3999938964844,
        -298.3999938964844,
        -298.3999938964844,
        -298.3999938964844,
        -298.3999938964844
    ]
}