{
    "Loss": [
        -390713.8125,
        -420736.5,
        -433530.3125,
        -413733.3125,
        -392318.3125,
        -442783.34375,
        -447498.3125,
        -410970.0,
        -425751.125,
        -414589.59375,
        -458474.5625,
        -383343.78125,
        -431047.71875,
        -400078.0625,
        -435635.0625,
        -429602.375,
        -447551.40625,
        -439827.59375,
        -424535.5,
        -476690.84375,
        -425716.90625,
        -425592.5,
        -456606.9375,
        -388563.125,
        -430506.1875,
        -464136.1875,
        -423572.78125,
        -402448.96875,
        -405341.75,
        -430192.375,
        -406243.09375,
        -442933.28125,
        -424713.40625,
        -410080.6875,
        -439923.34375,
        -432289.375,
        -443028.5,
        -412622.75,
        -452396.625,
        -446057.4375,
        -392191.65625,
        -409895.71875,
        -433954.875,
        -416195.125,
        -446504.46875,
        -448390.03125
    ],
    "Returns": [
        -328.3999938964844,
        -378.0,
        -443.79998779296875,
        -485.70001220703125,
        -422.8999938964844,
        -464.6000061035156,
        -453.70001220703125,
        -425.0,
        -470.20001220703125,
        -366.5,
        -287.6000061035156,
        -344.29998779296875,
        -485.70001220703125,
        -430.1000061035156,
        -481.20001220703125,
        -327.3999938964844,
        -460.8999938964844,
        -415.29998779296875,
        -450.1000061035156,
        -406.70001220703125,
        -376.8999938964844,
        -451.3999938964844,
        -397.6000061035156,
        -444.5,
        -452.1000061035156,
        -458.3999938964844,
        -350.6000061035156,
        -422.1000061035156,
        -398.29998779296875,
        -457.6000061035156,
        -371.3999938964844,
        -452.8999938964844,
        -339.79998779296875,
        -343.3999938964844,
        -281.70001220703125,
        -340.20001220703125,
        -344.3999938964844,
        -281.8999938964844,
        -262.8999938964844,
        -320.8999938964844,
        -338.0,
        -326.29998779296875,
        -332.6000061035156,
        -331.1000061035156,
        -329.70001220703125,
        -343.6000061035156,
        -343.70001220703125,
        -341.79998779296875,
        -300.79998779296875,
        -300.79998779296875,
        -300.79998779296875,
        -300.79998779296875,
        -300.79998779296875,
        -300.79998779296875,
        -300.79998779296875,
        -300.79998779296875,
        -300.79998779296875,
        -300.79998779296875,
        -300.79998779296875,
        -300.79998779296875,
        -300.79998779296875,
        -300.79998779296875,
        -300.79998779296875,
        -300.79998779296875,
        -274.20001220703125,
        -307.6000061035156,
        -333.29998779296875,
        -336.29998779296875,
        -332.8999938964844,
        -336.29998779296875,
        -327.79998779296875,
        -336.70001220703125,
        -330.1000061035156,
        -337.1000061035156,
        -332.79998779296875,
        -333.29998779296875,
        -328.6000061035156,
        -336.6000061035156,
        -336.29998779296875,
        -314.70001220703125,
        -300.79998779296875,
        -300.79998779296875,
        -300.79998779296875,
        -300.79998779296875,
        -300.79998779296875,
        -300.79998779296875,
        -300.79998779296875,
        -300.79998779296875,
        -300.79998779296875,
        -300.79998779296875,
        -300.79998779296875,
        -300.79998779296875,
        -300.79998779296875,
        -300.79998779296875,
        -300.79998779296875,
        -300.79998779296875,
        -300.79998779296875,
        -300.79998779296875,
        -300.79998779296875,
        -300.79998779296875,
        -300.79998779296875,
        -300.79998779296875,
        -300.79998779296875,
        -300.79998779296875,
        -300.79998779296875,
        -300.79998779296875,
        -300.79998779296875,
        -300.79998779296875,
        -300.79998779296875,
        -300.79998779296875,
        -300.79998779296875,
        -300.79998779296875,
        -300.79998779296875,
        -300.79998779296875,
        -300.79998779296875,
        -300.79998779296875,
        -300.79998779296875,
        -300.79998779296875,
        -300.79998779296875,
        -300.79998779296875,
        -300.79998779296875,
        -300.79998779296875,
        -300.79998779296875,
        -300.79998779296875,
        -300.79998779296875,
        -300.79998779296875,
        -300.79998779296875,
        -300.79998779296875,
        -300.79998779296875,
        -300.79998779296875,
        -300.79998779296875,
        -300.79998779296875,
        -300.79998779296875,
        -300.79998779296875,
        -300.79998779296875,
        -300.79998779296875,
        -300.79998779296875,
        -300.79998779296875,
        -300.79998779296875,
        -300.79998779296875,
        -300.79998779296875,
        -300.79998779296875,
        -300.79998779296875,
        -300.79998779296875,
        -300.79998779296875,
        -300.79998779296875,
        -300.79998779296875,
        -300.79998779296875,
        -300.79998779296875,
        -300.79998779296875,
        -300.79998779296875,
        -300.79998779296875,
        -300.79998779296875,
        -300.79998779296875,
        -300.79998779296875,
        -300.79998779296875,
        -300.79998779296875,
        -300.79998779296875,
        -300.79998779296875,
        -300.79998779296875
    ]
}