{
    "Loss": [
        5212.1015625,
        2383.74462890625,
        3667.55615234375,
        3744.83251953125,
        4247.177734375,
        4504.28369140625
    ],
    "Returns": [
        -436.0,
        -479.0,
        -419.0,
        -489.79998779296875,
        -366.0,
        -478.29998779296875,
        -335.8999938964844,
        -351.5,
        -366.70001220703125,
        -330.70001220703125,
        -470.79998779296875,
        -463.0,
        -152.60000610351562,
        -480.70001220703125,
        -470.29998779296875,
        -437.8999938964844,
        -390.5,
        -374.70001220703125,
        -418.8999938964844,
        -376.70001220703125,
        -371.29998779296875,
        -434.29998779296875,
        -381.8999938964844,
        -414.3999938964844,
        -405.0,
        -427.3999938964844,
        -415.0,
        -397.70001220703125,
        -399.0,
        -388.3999938964844,
        -370.5,
        -394.29998779296875
    ]
}