{
    "Loss": [
        204478.0,
        20765318.0
    ],
    "Returns": [
        -874.0,
        -945.7999877929688,
        -947.7999877929688,
        -921.5999755859375,
        -864.2000122070312,
        -919.5999755859375,
        -788.7999877929688,
        -860.2000122070312,
        -923.4000244140625,
        -863.5999755859375,
        -921.7999877929688,
        -938.2000122070312,
        -950.2000122070312,
        -877.4000244140625,
        -874.0,
        -943.5999755859375,
        -942.2000122070312,
        -906.4000244140625,
        -867.0,
        -954.7999877929688,
        -949.0,
        -959.5999755859375,
        -804.0,
        -921.7999877929688,
        -915.4000244140625,
        -891.2000122070312,
        -873.2000122070312,
        -933.7999877929688,
        -952.5999755859375,
        -836.7999877929688,
        -941.4000244140625,
        -910.2000122070312
    ]
}