{
    "Loss": [
        2851607.0
    ],
    "Returns": [
        -942.7999877929688,
        -942.7999877929688,
        -942.7999877929688,
        -942.7999877929688,
        -942.7999877929688,
        -942.7999877929688,
        -942.7999877929688,
        -942.7999877929688,
        -942.7999877929688,
        -942.7999877929688,
        -942.7999877929688,
        -942.7999877929688,
        -942.7999877929688,
        -942.7999877929688,
        -942.7999877929688,
        -942.7999877929688
    ]
}