{
    "Loss": [
        4885.2822265625,
        4511.814453125,
        4425.23779296875,
        3387.68701171875,
        2894.727783203125,
        4881.650390625,
        3687.87353515625,
        6643.744140625,
        5309.9423828125,
        4373.86328125,
        6284.10595703125,
        4668.3359375,
        3698.429931640625,
        4743.78173828125,
        7032.14599609375,
        6029.45458984375,
        7902.79296875,
        2900.21533203125,
        5170.51318359375,
        2820.547119140625,
        7346.587890625,
        5934.3984375,
        4035.712646484375,
        4512.98095703125,
        4861.4619140625,
        5649.60546875,
        3812.395751953125,
        3528.36572265625,
        4693.7666015625,
        3518.274658203125,
        3391.86083984375,
        6785.822265625,
        6113.26416015625,
        4240.83349609375,
        4289.0830078125,
        4351.5234375,
        4162.07373046875,
        4129.19921875,
        3402.419189453125,
        5073.8095703125,
        4013.251220703125,
        3052.9306640625,
        4341.4248046875,
        5367.8125,
        6440.6953125,
        5586.232421875
    ],
    "Returns": [
        -381.70001220703125,
        -431.70001220703125,
        -361.70001220703125,
        -343.20001220703125,
        -354.79998779296875,
        -395.1000061035156,
        -464.5,
        -414.79998779296875,
        -382.6000061035156,
        -422.0,
        -371.29998779296875,
        -430.0,
        -463.1000061035156,
        -446.20001220703125,
        -462.6000061035156,
        -428.5,
        -447.29998779296875,
        -385.1000061035156,
        -439.70001220703125,
        -462.29998779296875,
        -429.0,
        -462.5,
        -367.3999938964844,
        -394.5,
        -426.29998779296875,
        -430.3999938964844,
        -402.70001220703125,
        -473.79998779296875,
        -427.20001220703125,
        -336.29998779296875,
        -471.0,
        -269.70001220703125,
        -435.79998779296875,
        -461.1000061035156,
        -416.70001220703125,
        -444.8999938964844,
        -399.3999938964844,
        -364.3999938964844,
        -370.20001220703125,
        -353.0,
        -463.20001220703125,
        -357.79998779296875,
        -465.6000061035156,
        -458.1000061035156,
        -367.8999938964844,
        -485.79998779296875,
        -464.20001220703125,
        -487.70001220703125,
        -313.5,
        -478.70001220703125,
        -476.70001220703125,
        -468.8999938964844,
        -364.3999938964844,
        -367.79998779296875,
        -476.70001220703125,
        -372.29998779296875,
        -324.1000061035156,
        -482.8999938964844,
        -365.8999938964844,
        -374.1000061035156,
        -411.79998779296875,
        -365.29998779296875,
        -301.5,
        -443.8999938964844,
        -366.20001220703125,
        -366.20001220703125,
        -366.20001220703125,
        -366.20001220703125,
        -366.20001220703125,
        -366.20001220703125,
        -366.20001220703125,
        -366.20001220703125,
        -366.20001220703125,
        -366.20001220703125,
        -366.20001220703125,
        -366.20001220703125,
        -366.20001220703125,
        -366.20001220703125,
        -366.20001220703125,
        -366.20001220703125,
        -366.20001220703125,
        -366.20001220703125,
        -366.20001220703125,
        -366.20001220703125,
        -366.20001220703125,
        -366.20001220703125,
        -366.20001220703125,
        -366.20001220703125,
        -366.20001220703125,
        -366.20001220703125,
        -366.20001220703125,
        -366.20001220703125,
        -366.20001220703125,
        -366.20001220703125,
        -366.20001220703125,
        -366.20001220703125,
        -366.20001220703125,
        -366.20001220703125,
        -366.20001220703125,
        -366.20001220703125,
        -366.20001220703125,
        -366.20001220703125,
        -366.20001220703125,
        -366.20001220703125,
        -366.20001220703125,
        -366.20001220703125,
        -366.20001220703125,
        -366.20001220703125,
        -366.20001220703125,
        -366.20001220703125,
        -366.20001220703125,
        -366.20001220703125,
        -366.20001220703125,
        -366.20001220703125,
        -366.20001220703125,
        -366.20001220703125,
        -366.20001220703125,
        -366.20001220703125,
        -366.20001220703125,
        -366.20001220703125,
        -366.20001220703125,
        -366.20001220703125,
        -366.20001220703125,
        -366.20001220703125,
        -366.20001220703125,
        -366.20001220703125,
        -366.20001220703125,
        -366.20001220703125,
        -366.20001220703125,
        -366.20001220703125,
        -366.20001220703125,
        -366.20001220703125,
        -366.20001220703125,
        -366.20001220703125,
        -366.20001220703125,
        -366.20001220703125,
        -366.20001220703125,
        -366.20001220703125,
        -366.20001220703125,
        -366.20001220703125,
        -366.20001220703125,
        -366.20001220703125,
        -366.20001220703125,
        -366.20001220703125,
        -366.20001220703125,
        -366.20001220703125,
        -366.20001220703125,
        -366.20001220703125,
        -366.20001220703125,
        -366.20001220703125,
        -366.20001220703125,
        -366.20001220703125,
        -366.20001220703125,
        -366.20001220703125,
        -366.20001220703125,
        -366.20001220703125,
        -366.20001220703125,
        -366.20001220703125,
        -366.20001220703125,
        -366.20001220703125
    ]
}