{
    "Loss": [
        22.053491592407227,
        654134.25
    ],
    "Returns": [
        -451.6000061035156,
        -451.6000061035156,
        -451.6000061035156,
        -451.6000061035156,
        -451.6000061035156,
        -451.6000061035156,
        -451.6000061035156,
        -451.6000061035156,
        -451.6000061035156,
        -451.6000061035156,
        -451.6000061035156,
        -451.6000061035156,
        -451.6000061035156,
        -451.6000061035156,
        -451.6000061035156,
        -451.6000061035156,
        -419.6000061035156,
        -419.6000061035156,
        -419.6000061035156,
        -419.6000061035156,
        -419.6000061035156,
        -419.6000061035156,
        -419.6000061035156,
        -419.6000061035156,
        -419.6000061035156,
        -419.6000061035156,
        -419.6000061035156,
        -419.6000061035156,
        -419.6000061035156,
        -419.6000061035156,
        -419.6000061035156,
        -419.6000061035156
    ]
}