{
    "Loss": [
        4.5171104262526075e+18,
        4.548095213679149e+18,
        4.4214540141477233e+18,
        4.485040695727358e+18,
        4.548354698423304e+18
    ],
    "Returns": [
        -631.2000122070312,
        -654.7999877929688,
        -561.4000244140625,
        -715.0,
        -642.4000244140625,
        -630.4000244140625,
        -702.4000244140625,
        -590.4000244140625,
        -627.5999755859375,
        -714.2000122070312,
        -584.4000244140625,
        -727.7999877929688,
        -655.0,
        -578.4000244140625,
        -621.4000244140625,
        -667.7999877929688,
        -661.5999755859375,
        -713.4000244140625,
        -586.7999877929688,
        -745.0,
        -707.4000244140625,
        -740.4000244140625,
        -686.7999877929688,
        -634.5999755859375,
        -673.5999755859375,
        -687.2000122070312,
        -662.5999755859375,
        -776.4000244140625,
        -765.2000122070312,
        -556.4000244140625,
        -693.4000244140625,
        -698.2000122070312,
        -732.7999877929688,
        -626.5999755859375,
        -814.0,
        -627.5999755859375,
        -769.2000122070312,
        -685.7999877929688,
        -736.2000122070312,
        -726.5999755859375,
        -640.0,
        -587.5999755859375,
        -698.7999877929688,
        -641.2000122070312,
        -682.2000122070312,
        -711.5999755859375,
        -613.4000244140625,
        -714.5999755859375,
        -462.79998779296875,
        -640.2000122070312,
        -586.0,
        -698.5999755859375,
        -706.0,
        -540.7999877929688,
        -587.5999755859375,
        -648.5999755859375,
        -729.5999755859375,
        -664.7999877929688,
        -709.4000244140625,
        -557.0,
        -707.0,
        -679.4000244140625,
        -676.7999877929688,
        -447.79998779296875,
        -718.4000244140625,
        -728.2000122070312,
        -785.7999877929688,
        -802.5999755859375,
        -651.5999755859375,
        -727.4000244140625,
        -522.4000244140625,
        -727.0,
        -642.5999755859375,
        -643.4000244140625,
        -721.7999877929688,
        -543.5999755859375,
        -648.5999755859375,
        -714.7999877929688,
        -633.4000244140625,
        -703.2000122070312
    ]
}