{
    "Loss": [
        3.1745534024241644e+18
    ],
    "Returns": [
        -907.5999755859375,
        -787.5999755859375,
        -948.4000244140625,
        -851.0,
        -923.5999755859375,
        -939.5999755859375,
        -906.4000244140625,
        -793.5999755859375,
        -953.4000244140625,
        -916.5999755859375,
        -941.7999877929688,
        -890.2000122070312,
        -887.2000122070312,
        -928.7999877929688,
        -912.4000244140625,
        -923.5999755859375
    ]
}