{
    "Loss": [
        1.7660190398789294e+22
    ],
    "Returns": [
        -924.5999755859375,
        -910.5999755859375,
        -940.0,
        -882.7999877929688,
        -883.7999877929688,
        -912.5999755859375,
        -902.5999755859375,
        -711.0,
        -950.0,
        -918.0,
        -912.5999755859375,
        -822.5999755859375,
        -933.0,
        -849.7999877929688,
        -931.5999755859375,
        -906.0
    ]
}