{
    "Loss": [
        14952892.0
    ],
    "Returns": [
        -926.0,
        -934.0,
        -959.7999877929688,
        -912.5999755859375,
        -955.5999755859375,
        -879.0,
        -854.5999755859375,
        -957.5999755859375,
        -941.2000122070312,
        -896.0,
        -924.0,
        -894.7999877929688,
        -962.5999755859375,
        -729.4000244140625,
        -861.4000244140625,
        -886.2000122070312
    ]
}