{
    "Loss": [
        6.930990286927292e+21,
        1.2820139228156924e+22,
        1.8534015953188644e+22,
        1.8007155595381265e+22,
        1.8181900890422775e+22,
        1.87111549114321e+22,
        1.8889285787493486e+22,
        1.8533447373735688e+22,
        1.8711107623636013e+22,
        1.8005904720584763e+22
    ],
    "Returns": [
        -921.2000122070312,
        -938.2000122070312,
        -946.7999877929688,
        -816.7999877929688,
        -926.4000244140625,
        -951.4000244140625,
        -853.7999877929688,
        -844.2000122070312,
        -944.5999755859375,
        -948.7999877929688,
        -947.0,
        -942.4000244140625,
        -922.4000244140625,
        -917.2000122070312,
        -941.4000244140625,
        -915.5999755859375,
        -932.0,
        -946.7999877929688,
        -917.2000122070312,
        -947.2000122070312,
        -952.0,
        -948.0,
        -947.2000122070312,
        -949.2000122070312,
        -954.2000122070312,
        -942.0,
        -937.7999877929688,
        -922.2000122070312,
        -947.7999877929688,
        -937.5999755859375,
        -897.2000122070312,
        -917.7999877929688,
        -944.2000122070312,
        -942.2000122070312,
        -871.2000122070312,
        -936.4000244140625,
        -903.7999877929688,
        -960.7999877929688,
        -940.5999755859375,
        -909.2000122070312,
        -929.2000122070312,
        -864.4000244140625,
        -926.4000244140625,
        -958.4000244140625,
        -875.0,
        -891.2000122070312,
        -955.0,
        -949.0,
        -953.2000122070312,
        -927.0,
        -947.4000244140625,
        -935.4000244140625,
        -896.0,
        -943.0,
        -909.7999877929688,
        -886.7999877929688,
        -920.5999755859375,
        -883.4000244140625,
        -960.2000122070312,
        -932.2000122070312,
        -940.7999877929688,
        -949.2000122070312,
        -941.2000122070312,
        -940.4000244140625,
        -947.2000122070312,
        -945.0,
        -920.5999755859375,
        -931.4000244140625,
        -934.0,
        -943.7999877929688,
        -941.0,
        -905.4000244140625,
        -948.0,
        -936.4000244140625,
        -938.5999755859375,
        -936.0,
        -944.7999877929688,
        -897.5999755859375,
        -941.7999877929688,
        -936.0,
        -949.7999877929688,
        -932.2000122070312,
        -952.2000122070312,
        -903.4000244140625,
        -914.2000122070312,
        -947.2000122070312,
        -888.2000122070312,
        -939.4000244140625,
        -943.4000244140625,
        -934.2000122070312,
        -943.2000122070312,
        -859.2000122070312,
        -854.5999755859375,
        -931.2000122070312,
        -952.4000244140625,
        -912.0,
        -908.0,
        -930.4000244140625,
        -939.5999755859375,
        -951.7999877929688,
        -931.2000122070312,
        -944.0,
        -952.2000122070312,
        -948.7999877929688,
        -942.2000122070312,
        -905.4000244140625,
        -948.0,
        -936.0,
        -890.7999877929688,
        -867.5999755859375,
        -916.2000122070312,
        -905.0,
        -917.5999755859375,
        -891.2000122070312,
        -933.7999877929688,
        -923.4000244140625,
        -947.2000122070312,
        -920.0,
        -940.5999755859375,
        -935.2000122070312,
        -945.2000122070312,
        -936.5999755859375,
        -942.0,
        -927.7999877929688,
        -938.7999877929688,
        -908.2000122070312,
        -943.4000244140625,
        -925.0,
        -945.2000122070312,
        -936.7999877929688,
        -953.4000244140625,
        -939.0,
        -935.0,
        -895.4000244140625,
        -950.0,
        -953.4000244140625,
        -942.7999877929688,
        -948.4000244140625,
        -941.2000122070312,
        -952.7999877929688,
        -955.2000122070312,
        -944.5999755859375,
        -935.4000244140625,
        -952.7999877929688,
        -941.2000122070312,
        -944.4000244140625,
        -904.2000122070312,
        -946.2000122070312,
        -945.2000122070312,
        -931.0,
        -941.2000122070312,
        -939.5999755859375,
        -934.0,
        -943.4000244140625,
        -867.5999755859375,
        -947.4000244140625,
        -942.7999877929688,
        -948.4000244140625,
        -945.5999755859375,
        -933.2000122070312
    ]
}