{
    "Loss": [
        3184819.25,
        1044652.9375,
        32694726.0,
        29890504.0
    ],
    "Returns": [
        -933.4000244140625,
        -957.5999755859375,
        -902.7999877929688,
        -866.5999755859375,
        -941.2000122070312,
        -924.4000244140625,
        -942.0,
        -892.7999877929688,
        -945.2000122070312,
        -949.0,
        -932.5999755859375,
        -932.5999755859375,
        -950.2000122070312,
        -914.0,
        -848.5999755859375,
        -941.5999755859375,
        -925.5999755859375,
        -939.4000244140625,
        -907.4000244140625,
        -923.7999877929688,
        -904.7999877929688,
        -938.4000244140625,
        -894.4000244140625,
        -879.0,
        -756.7999877929688,
        -943.4000244140625,
        -824.5999755859375,
        -951.4000244140625,
        -900.2000122070312,
        -904.7999877929688,
        -876.2000122070312,
        -929.4000244140625
    ]
}