{
    "Loss": [
        15545641.0,
        43271964.0
    ],
    "Returns": [
        -896.0,
        -872.7999877929688,
        -911.5999755859375,
        -907.5999755859375,
        -921.4000244140625,
        -929.4000244140625,
        -883.0,
        -895.5999755859375,
        -891.4000244140625,
        -950.5999755859375,
        -927.5999755859375,
        -897.2000122070312,
        -883.0,
        -926.2000122070312,
        -862.5999755859375,
        -885.0,
        -919.0,
        -909.4000244140625,
        -858.2000122070312,
        -942.5999755859375,
        -930.4000244140625,
        -937.7999877929688,
        -909.0,
        -936.0,
        -788.4000244140625,
        -951.7999877929688,
        -899.7999877929688,
        -934.0,
        -897.7999877929688,
        -900.2000122070312,
        -943.7999877929688,
        -949.2000122070312
    ]
}