{
    "Loss": [
        -23510179119104.0,
        -22540820938752.0,
        -16912913268736.0,
        -10211060350976.0,
        -11846537969664.0,
        -8986857308160.0,
        -13726034952192.0,
        -10869942517760.0,
        -9047865556992.0,
        -9213193486336.0
    ],
    "Returns": [
        -490.70001220703125,
        -476.5,
        -306.5,
        -462.1000061035156,
        -450.6000061035156,
        -430.20001220703125,
        -457.79998779296875,
        -476.29998779296875,
        -346.0,
        -399.20001220703125,
        -441.6000061035156,
        -462.6000061035156,
        -472.0,
        -449.8999938964844,
        -422.79998779296875,
        -462.20001220703125,
        -426.79998779296875,
        -471.6000061035156,
        -415.5,
        -414.5,
        -400.29998779296875,
        -483.20001220703125,
        -436.3999938964844,
        -461.5,
        -411.79998779296875,
        -328.70001220703125,
        -420.20001220703125,
        -443.1000061035156,
        -415.1000061035156,
        -404.8999938964844,
        -478.79998779296875,
        -469.6000061035156,
        -449.70001220703125,
        -478.70001220703125,
        -338.6000061035156,
        -322.0,
        -479.20001220703125,
        -394.5,
        -456.8999938964844,
        -487.6000061035156,
        -295.70001220703125,
        -328.29998779296875,
        -440.5,
        -367.3999938964844,
        -408.20001220703125,
        -392.8999938964844,
        -473.1000061035156,
        -372.0,
        -422.79998779296875,
        -377.29998779296875,
        -411.29998779296875,
        -333.29998779296875,
        -409.70001220703125,
        -477.70001220703125,
        -483.6000061035156,
        -416.5,
        -426.6000061035156,
        -352.8999938964844,
        -437.6000061035156,
        -439.20001220703125,
        -340.79998779296875,
        -383.29998779296875,
        -383.79998779296875,
        -318.0,
        -443.6000061035156,
        -456.1000061035156,
        -480.79998779296875,
        -343.20001220703125,
        -484.5,
        -474.1000061035156,
        -461.6000061035156,
        -365.1000061035156,
        -440.5,
        -436.5,
        -473.6000061035156,
        -375.5,
        -416.8999938964844,
        -468.6000061035156,
        -431.6000061035156,
        -477.0,
        -413.5,
        -358.6000061035156,
        -394.29998779296875,
        -436.3999938964844,
        -392.29998779296875,
        -431.5,
        -344.79998779296875,
        -440.0,
        -441.3999938964844,
        -432.70001220703125,
        -453.0,
        -382.1000061035156,
        -417.29998779296875,
        -413.1000061035156,
        -358.6000061035156,
        -355.29998779296875,
        -362.0,
        -388.8999938964844,
        -478.6000061035156,
        -294.6000061035156,
        -462.1000061035156,
        -324.79998779296875,
        -457.29998779296875,
        -476.29998779296875,
        -435.70001220703125,
        -471.70001220703125,
        -365.3999938964844,
        -319.3999938964844,
        -380.8999938964844,
        -411.6000061035156,
        -487.6000061035156,
        -396.20001220703125,
        -430.20001220703125,
        -469.8999938964844,
        -402.0,
        -443.5,
        -426.3999938964844,
        -317.29998779296875,
        -348.70001220703125,
        -466.29998779296875,
        -397.20001220703125,
        -454.8999938964844,
        -381.1000061035156,
        -416.1000061035156,
        -491.0,
        -417.1000061035156,
        -411.20001220703125,
        -425.20001220703125,
        -483.70001220703125,
        -480.8999938964844,
        -447.6000061035156,
        -475.6000061035156,
        -311.8999938964844,
        -470.0,
        -444.8999938964844,
        -357.3999938964844,
        -396.70001220703125,
        -454.70001220703125,
        -446.0,
        -443.79998779296875,
        -322.8999938964844,
        -473.1000061035156,
        -457.29998779296875,
        -462.6000061035156,
        -425.6000061035156,
        -442.79998779296875,
        -377.6000061035156,
        -318.70001220703125,
        -442.6000061035156,
        -397.70001220703125,
        -436.79998779296875,
        -434.3999938964844,
        -470.70001220703125,
        -480.6000061035156,
        -432.70001220703125,
        -273.3999938964844,
        -432.20001220703125,
        -433.3999938964844,
        -431.70001220703125,
        -382.0
    ]
}