{
    "Loss": [
        1.8711324922318034e+22,
        1.8534020456788271e+22,
        1.8534018204988458e+22,
        1.853401370138883e+22,
        1.8181942548719328e+22
    ],
    "Returns": [
        -948.2000122070312,
        -904.7999877929688,
        -917.0,
        -946.7999877929688,
        -915.0,
        -749.5999755859375,
        -947.5999755859375,
        -839.0,
        -919.0,
        -903.4000244140625,
        -873.4000244140625,
        -934.7999877929688,
        -930.2000122070312,
        -918.5999755859375,
        -838.7999877929688,
        -920.2000122070312,
        -918.5999755859375,
        -937.5999755859375,
        -871.2000122070312,
        -955.4000244140625,
        -933.5999755859375,
        -907.5999755859375,
        -899.0,
        -933.5999755859375,
        -923.2000122070312,
        -878.5999755859375,
        -864.7999877929688,
        -914.7999877929688,
        -940.5999755859375,
        -907.0,
        -939.5999755859375,
        -889.0,
        -862.5999755859375,
        -832.7999877929688,
        -941.5999755859375,
        -955.4000244140625,
        -942.2000122070312,
        -927.0,
        -942.2000122070312,
        -937.4000244140625,
        -899.7999877929688,
        -955.2000122070312,
        -888.2000122070312,
        -937.4000244140625,
        -943.7999877929688,
        -920.0,
        -926.2000122070312,
        -786.4000244140625,
        -862.4000244140625,
        -957.0,
        -939.5999755859375,
        -910.0,
        -894.2000122070312,
        -891.0,
        -940.5999755859375,
        -925.7999877929688,
        -956.2000122070312,
        -930.5999755859375,
        -932.2000122070312,
        -924.5999755859375,
        -921.5999755859375,
        -946.7999877929688,
        -938.5999755859375,
        -916.4000244140625,
        -913.2000122070312,
        -936.5999755859375,
        -952.0,
        -962.7999877929688,
        -964.5999755859375,
        -846.0,
        -898.7999877929688,
        -952.2000122070312,
        -867.2000122070312,
        -830.5999755859375,
        -933.0,
        -937.7999877929688,
        -734.7999877929688,
        -894.4000244140625,
        -948.2000122070312,
        -751.4000244140625
    ]
}