{
    "Loss": [
        611276.625,
        1999930.375,
        18299220.0,
        153240.140625,
        271692.40625
    ],
    "Returns": [
        -939.0,
        -939.0,
        -939.0,
        -939.0,
        -939.0,
        -939.0,
        -939.0,
        -939.0,
        -939.0,
        -939.0,
        -939.0,
        -939.0,
        -939.0,
        -939.0,
        -939.0,
        -939.0,
        -905.2000122070312,
        -905.2000122070312,
        -905.2000122070312,
        -905.2000122070312,
        -905.2000122070312,
        -905.2000122070312,
        -905.2000122070312,
        -905.2000122070312,
        -905.2000122070312,
        -905.2000122070312,
        -905.2000122070312,
        -905.2000122070312,
        -905.2000122070312,
        -905.2000122070312,
        -905.2000122070312,
        -905.2000122070312,
        -957.2000122070312,
        -957.2000122070312,
        -957.2000122070312,
        -957.2000122070312,
        -957.2000122070312,
        -957.2000122070312,
        -957.2000122070312,
        -957.2000122070312,
        -957.2000122070312,
        -957.2000122070312,
        -957.2000122070312,
        -957.2000122070312,
        -957.2000122070312,
        -957.2000122070312,
        -957.2000122070312,
        -957.2000122070312,
        -923.4000244140625,
        -923.4000244140625,
        -923.4000244140625,
        -923.4000244140625,
        -923.4000244140625,
        -923.4000244140625,
        -923.4000244140625,
        -923.4000244140625,
        -923.4000244140625,
        -923.4000244140625,
        -923.4000244140625,
        -923.4000244140625,
        -923.4000244140625,
        -923.4000244140625,
        -923.4000244140625,
        -923.4000244140625,
        -931.0,
        -931.0,
        -931.0,
        -931.0,
        -931.0,
        -931.0,
        -931.0,
        -931.0,
        -931.0,
        -931.0,
        -931.0,
        -931.0,
        -931.0,
        -931.0,
        -931.0,
        -931.0
    ]
}