{
    "Loss": [
        8623.0986328125
    ],
    "Returns": [
        -894.7999877929688,
        -915.2000122070312,
        -869.7999877929688,
        -855.7999877929688,
        -893.2000122070312,
        -951.4000244140625,
        -873.2000122070312,
        -814.7999877929688,
        -868.7999877929688,
        -803.7999877929688,
        -875.7999877929688,
        -897.4000244140625,
        -951.0,
        -960.4000244140625,
        -964.4000244140625,
        -947.5999755859375
    ]
}