{
    "Loss": [
        84.0391845703125,
        82.8695297241211,
        83.12869262695312,
        83.28240966796875,
        84.19738006591797,
        71.01033782958984,
        80.81617736816406,
        77.9916000366211,
        71.90315246582031,
        82.22283935546875,
        68.64866638183594,
        79.54524993896484,
        1764.91845703125,
        3887.646728515625,
        1699.1368408203125,
        3886.24462890625,
        3530.09033203125,
        7008.41796875,
        3529.927734375,
        7422.60302734375,
        1668.3492431640625,
        1953.6328125,
        54.438114166259766,
        1764.7418212890625,
        3432.970458984375,
        1787.5726318359375,
        3787.422119140625,
        5484.109375,
        3784.794189453125,
        3784.194091796875,
        3618.81787109375,
        3369.622314453125,
        3796.77978515625,
        3763.81005859375,
        1766.3538818359375,
        5555.080078125,
        7159.25830078125,
        5738.458984375,
        6747.96240234375,
        5530.26953125,
        3410.968505859375,
        1910.0611572265625,
        10811.3955078125,
        9176.26171875,
        3596.924560546875,
        3607.260986328125,
        3862.47509765625,
        3951.29052734375,
        36.81814956665039,
        5188.5751953125,
        5434.009765625,
        1826.33935546875,
        3396.772216796875,
        1952.6732177734375,
        8631.892578125
    ],
    "Returns": [
        -1767.199951171875,
        -1830.5999755859375,
        -1670.199951171875,
        -2097.199951171875,
        -1587.4000244140625,
        -1956.5999755859375,
        -1701.5999755859375,
        -1791.5999755859375,
        -1856.800048828125,
        -1813.0,
        -1913.0,
        -1848.5999755859375,
        -1688.800048828125,
        -1909.199951171875,
        -1783.800048828125,
        -1742.0,
        -1823.5999755859375,
        -1595.800048828125,
        -1813.5999755859375,
        -1594.199951171875,
        -1645.800048828125,
        -1844.0,
        -1707.800048828125,
        -1810.199951171875
    ]
}