{
    "Loss": [
        -950723136.0,
        -1364317184.0
    ],
    "Returns": [
        -927.4000244140625,
        -907.5999755859375,
        -902.5999755859375,
        -889.0,
        -882.5999755859375,
        -936.5999755859375,
        -921.7999877929688,
        -932.0,
        -901.5999755859375,
        -911.7999877929688,
        -890.0,
        -915.5999755859375,
        -936.7999877929688,
        -937.5999755859375,
        -948.0,
        -949.5999755859375,
        -950.5999755859375,
        -912.2000122070312,
        -814.0,
        -962.4000244140625,
        -930.0,
        -654.5999755859375,
        -822.4000244140625,
        -921.0,
        -915.7999877929688,
        -930.2000122070312,
        -928.0,
        -863.4000244140625,
        -929.0,
        -747.2000122070312,
        -860.0,
        -880.7999877929688
    ]
}