{
    "Loss": [
        43258620.0,
        155754112.0
    ],
    "Returns": [
        -473.70001220703125,
        -459.1000061035156,
        -429.5,
        -464.8999938964844,
        -357.3999938964844,
        -397.3999938964844,
        -477.79998779296875,
        -386.79998779296875,
        -382.1000061035156,
        -385.79998779296875,
        -457.0,
        -387.0,
        -420.6000061035156,
        -363.3999938964844,
        -423.20001220703125,
        -437.0,
        -452.6000061035156,
        -399.79998779296875,
        -445.70001220703125,
        -320.6000061035156,
        -428.8999938964844,
        -471.8999938964844,
        -327.1000061035156,
        -388.8999938964844,
        -386.29998779296875,
        -358.29998779296875,
        -445.3999938964844,
        -408.0,
        -387.70001220703125,
        -434.5,
        -349.1000061035156,
        -478.20001220703125
    ]
}