{
    "Loss": [
        1000185790464.0,
        1374573297664.0,
        2202653949952.0,
        2784193937408.0,
        2669714866176.0,
        2739750305792.0,
        2593469235200.0,
        2537830481920.0,
        2565689835520.0,
        3483279818752.0
    ],
    "Returns": [
        -458.8999938964844,
        -441.70001220703125,
        -441.29998779296875,
        -451.20001220703125,
        -413.5,
        -475.20001220703125,
        -394.3999938964844,
        -467.6000061035156,
        -358.79998779296875,
        -331.79998779296875,
        -411.6000061035156,
        -467.8999938964844,
        -490.29998779296875,
        -396.29998779296875,
        -325.6000061035156,
        -321.29998779296875,
        -380.1000061035156,
        -346.70001220703125,
        -325.1000061035156,
        -301.8999938964844,
        -464.5,
        -477.70001220703125,
        -438.29998779296875,
        -464.70001220703125,
        -333.29998779296875,
        -365.5,
        -399.6000061035156,
        -316.20001220703125,
        -449.8999938964844,
        -437.5,
        -441.70001220703125,
        -354.29998779296875,
        -448.5,
        -478.6000061035156,
        -418.0,
        -450.5,
        -365.20001220703125,
        -376.8999938964844,
        -355.5,
        -443.0,
        -360.79998779296875,
        -358.3999938964844,
        -432.3999938964844,
        -469.79998779296875,
        -430.6000061035156,
        -340.6000061035156,
        -368.6000061035156,
        -462.1000061035156,
        -462.6000061035156,
        -415.6000061035156,
        -432.70001220703125,
        -379.70001220703125,
        -384.20001220703125,
        -410.5,
        -375.1000061035156,
        -400.0,
        -432.8999938964844,
        -386.29998779296875,
        -357.6000061035156,
        -360.0,
        -418.3999938964844,
        -461.70001220703125,
        -450.6000061035156,
        -425.1000061035156,
        -317.6000061035156,
        -446.5,
        -427.1000061035156,
        -436.1000061035156,
        -428.6000061035156,
        -335.79998779296875,
        -444.79998779296875,
        -452.5,
        -356.29998779296875,
        -288.5,
        -357.29998779296875,
        -466.5,
        -307.3999938964844,
        -418.29998779296875,
        -328.3999938964844,
        -481.20001220703125,
        -423.20001220703125,
        -308.1000061035156,
        -445.1000061035156,
        -417.20001220703125,
        -437.3999938964844,
        -328.20001220703125,
        -393.79998779296875,
        -445.1000061035156,
        -472.79998779296875,
        -487.8999938964844,
        -480.6000061035156,
        -437.8999938964844,
        -391.8999938964844,
        -428.3999938964844,
        -404.8999938964844,
        -474.79998779296875,
        -432.79998779296875,
        -413.5,
        -416.6000061035156,
        -440.0,
        -441.6000061035156,
        -459.1000061035156,
        -370.79998779296875,
        -414.1000061035156,
        -290.79998779296875,
        -448.0,
        -415.3999938964844,
        -424.20001220703125,
        -416.5,
        -448.8999938964844,
        -451.5,
        -422.1000061035156,
        -410.6000061035156,
        -456.3999938964844,
        -429.29998779296875,
        -359.6000061035156,
        -383.1000061035156,
        -423.0,
        -364.79998779296875,
        -428.70001220703125,
        -419.70001220703125,
        -455.1000061035156,
        -387.20001220703125,
        -387.5,
        -404.70001220703125,
        -342.6000061035156,
        -450.1000061035156,
        -387.6000061035156,
        -388.29998779296875,
        -425.3999938964844,
        -483.6000061035156,
        -450.8999938964844,
        -429.3999938964844,
        -374.3999938964844,
        -394.1000061035156,
        -473.79998779296875,
        -396.6000061035156,
        -343.5,
        -370.20001220703125,
        -404.70001220703125,
        -459.70001220703125,
        -421.8999938964844,
        -342.79998779296875,
        -458.70001220703125,
        -426.6000061035156,
        -423.3999938964844,
        -446.0,
        -429.29998779296875,
        -449.20001220703125,
        -347.5,
        -281.70001220703125,
        -449.5,
        -431.20001220703125,
        -416.29998779296875,
        -430.20001220703125,
        -349.1000061035156,
        -395.8999938964844,
        -358.8999938964844,
        -422.6000061035156,
        -346.29998779296875
    ]
}