{
    "Loss": [
        1295.595458984375,
        1038.404052734375,
        1971.80029296875,
        1413.458251953125,
        614.1435546875,
        976.5244750976562,
        804.2181396484375,
        309.7752380371094,
        16.07281494140625,
        291.19268798828125,
        1708.013916015625
    ],
    "Returns": [
        -482.5,
        -375.20001220703125,
        -472.8999938964844,
        -339.20001220703125,
        -430.1000061035156,
        -475.0,
        -413.20001220703125,
        -404.79998779296875,
        -486.20001220703125,
        -449.5,
        -480.6000061035156,
        -454.3999938964844,
        -423.6000061035156,
        -454.20001220703125,
        -482.8999938964844,
        -473.20001220703125,
        -448.29998779296875,
        -425.0,
        -415.0,
        -365.6000061035156,
        -450.20001220703125,
        -448.6000061035156,
        -443.8999938964844,
        -440.29998779296875,
        -431.0,
        -446.1000061035156,
        -409.70001220703125,
        -446.8999938964844,
        -444.6000061035156,
        -446.29998779296875,
        -391.20001220703125,
        -447.6000061035156,
        -448.6000061035156,
        -448.20001220703125,
        -365.79998779296875,
        -436.8999938964844,
        -448.20001220703125,
        -446.0,
        -443.8999938964844,
        -446.0,
        -443.8999938964844,
        -409.8999938964844,
        -409.8999938964844,
        -447.6000061035156,
        -447.5,
        -389.0,
        -444.6000061035156,
        -448.6000061035156
    ]
}