{
    "Loss": [
        8647.8671875,
        7892.17529296875,
        8675.3642578125
    ],
    "Returns": [
        -793.5999755859375,
        -604.5999755859375,
        -580.0,
        -617.0,
        -531.5999755859375,
        -711.2000122070312,
        -666.7999877929688,
        -659.4000244140625,
        -603.2000122070312,
        -508.79998779296875,
        -723.7999877929688,
        -756.4000244140625,
        -539.7999877929688,
        -678.7999877929688,
        -770.4000244140625,
        -697.7999877929688,
        -569.2000122070312,
        -731.0,
        -572.7999877929688,
        -702.2000122070312,
        -694.5999755859375,
        -700.0,
        -705.0,
        -766.4000244140625,
        -710.0,
        -585.7999877929688,
        -553.4000244140625,
        -756.4000244140625,
        -586.7999877929688,
        -664.7999877929688,
        -572.5999755859375,
        -658.0,
        -690.7999877929688,
        -653.0,
        -642.7999877929688,
        -726.2000122070312,
        -571.5999755859375,
        -685.5999755859375,
        -683.0,
        -662.7999877929688,
        -647.7999877929688,
        -610.2000122070312,
        -567.4000244140625,
        -737.7999877929688,
        -706.4000244140625,
        -663.5999755859375,
        -726.4000244140625,
        -683.4000244140625
    ]
}