{
    "Loss": [
        4023.044921875,
        2729.833984375,
        421.60516357421875,
        1737.39208984375,
        485.08892822265625,
        2781.904296875,
        781.8037109375,
        556.4070434570312,
        377.5760498046875,
        370.2261657714844
    ],
    "Returns": [
        -950.4000244140625,
        -924.5999755859375,
        -952.0,
        -956.5999755859375,
        -952.4000244140625,
        -960.5999755859375,
        -952.4000244140625,
        -960.5999755859375,
        -950.2000122070312,
        -958.2000122070312,
        -957.5999755859375,
        -918.5999755859375,
        -952.5999755859375,
        -950.2000122070312,
        -952.0,
        -952.4000244140625,
        -926.5999755859375,
        -934.5999755859375,
        -922.7999877929688,
        -924.4000244140625,
        -933.2000122070312,
        -933.2000122070312,
        -940.4000244140625,
        -931.5999755859375,
        -923.2000122070312,
        -895.7999877929688,
        -895.2000122070312,
        -938.5999755859375,
        -941.5999755859375,
        -904.5999755859375,
        -932.2000122070312,
        -941.7999877929688,
        -891.2000122070312,
        -890.2000122070312,
        -887.4000244140625,
        -888.5999755859375,
        -881.5999755859375,
        -891.5999755859375,
        -881.5999755859375,
        -878.4000244140625,
        -852.5999755859375,
        -891.2000122070312,
        -891.4000244140625,
        -890.2000122070312,
        -891.4000244140625,
        -891.7999877929688,
        -886.7999877929688,
        -883.5999755859375,
        -931.5999755859375,
        -942.4000244140625,
        -927.2000122070312,
        -922.4000244140625,
        -936.0,
        -922.5999755859375,
        -942.2000122070312,
        -937.2000122070312,
        -936.5999755859375,
        -948.2000122070312,
        -899.7999877929688,
        -936.4000244140625,
        -936.0,
        -930.0,
        -945.7999877929688,
        -894.7999877929688,
        -887.4000244140625,
        -906.2000122070312,
        -905.5999755859375,
        -903.5999755859375,
        -908.0,
        -907.0,
        -896.7999877929688,
        -906.0,
        -905.5999755859375,
        -906.4000244140625,
        -908.4000244140625,
        -907.2000122070312,
        -906.7999877929688,
        -904.2000122070312,
        -899.0,
        -908.4000244140625,
        -900.0,
        -900.0,
        -900.0,
        -900.0,
        -900.0,
        -900.0,
        -900.0,
        -900.0,
        -900.0,
        -900.0,
        -900.0,
        -900.0,
        -900.0,
        -900.0,
        -900.0,
        -900.0,
        -902.7999877929688,
        -901.5999755859375,
        -902.4000244140625,
        -890.0,
        -904.0,
        -903.5999755859375,
        -902.4000244140625,
        -904.0,
        -902.0,
        -898.7999877929688,
        -903.4000244140625,
        -903.7999877929688,
        -903.7999877929688,
        -903.7999877929688,
        -901.0,
        -902.5999755859375,
        -855.7999877929688,
        -860.7999877929688,
        -858.5999755859375,
        -860.0,
        -860.5999755859375,
        -860.7999877929688,
        -860.5999755859375,
        -860.2000122070312,
        -826.4000244140625,
        -855.7999877929688,
        -860.7999877929688,
        -860.7999877929688,
        -860.7999877929688,
        -859.7999877929688,
        -860.7999877929688,
        -858.0,
        -939.4000244140625,
        -939.4000244140625,
        -939.4000244140625,
        -939.4000244140625,
        -939.4000244140625,
        -939.4000244140625,
        -939.4000244140625,
        -939.4000244140625,
        -939.4000244140625,
        -939.4000244140625,
        -939.4000244140625,
        -939.4000244140625,
        -939.4000244140625,
        -939.4000244140625,
        -939.4000244140625,
        -939.4000244140625,
        -922.4000244140625,
        -922.4000244140625,
        -922.4000244140625,
        -922.4000244140625,
        -922.4000244140625,
        -922.4000244140625,
        -922.4000244140625,
        -922.4000244140625,
        -922.4000244140625,
        -922.4000244140625,
        -922.4000244140625,
        -922.4000244140625,
        -922.4000244140625,
        -922.4000244140625,
        -922.4000244140625,
        -922.4000244140625
    ]
}