{
    "Loss": [
        383.3511047363281,
        483.0335693359375,
        -109.29463195800781,
        30.387939453125,
        140.9851531982422,
        -132.38650512695312,
        15.291015625,
        -109.87060546875,
        430.61676025390625,
        171.24285888671875,
        31.308349609375,
        224.7337646484375,
        -222.44216918945312,
        -736.97900390625,
        -235.919921875,
        -272.78485107421875,
        -483.116455078125,
        -257.8919677734375,
        -252.58758544921875,
        342.3643798828125,
        -258.8067626953125,
        -351.5085144042969,
        329.9662170410156,
        79.24169921875,
        -1289.0478515625,
        -817.9022827148438,
        -819.61376953125,
        -874.4396362304688,
        -1094.426025390625,
        -646.4398803710938,
        -320.18072509765625,
        -235.1204833984375,
        -945.269775390625,
        -885.8892822265625,
        -868.1123657226562,
        1111.499267578125,
        -1110.88330078125,
        -1107.380859375,
        -705.91259765625,
        -1448.8018798828125,
        -1323.246337890625,
        -1383.25537109375,
        -1878.89501953125,
        -1509.42431640625,
        -1051.343017578125,
        -2604.40087890625,
        93.609375,
        -1400.7666015625,
        -2638.706787109375,
        -2388.9404296875,
        -3119.07275390625,
        -2835.387939453125,
        -3662.773681640625,
        -2934.03564453125,
        -3533.1083984375,
        -2872.40185546875,
        -4498.3818359375,
        -3279.60498046875,
        -2044.2601318359375,
        -2178.510498046875,
        -2721.52880859375,
        -1236.840087890625,
        -4351.2509765625,
        -5142.10546875,
        -2722.043212890625,
        -4398.90673828125,
        -5325.00634765625,
        -5629.62060546875,
        -4141.1875,
        -4432.951171875,
        -6467.431640625,
        -3833.04931640625,
        -5908.1083984375,
        -2670.848388671875,
        -4755.49853515625,
        -7756.1220703125,
        -6606.0390625,
        -5952.09716796875,
        -5347.30517578125,
        -4643.986328125
    ],
    "Returns": [
        -1938.800048828125,
        -1845.4000244140625,
        -1936.4000244140625,
        -2091.800048828125,
        -1663.199951171875,
        -1938.4000244140625,
        -1743.199951171875,
        -1800.199951171875,
        -1694.5999755859375,
        -1894.0,
        -1670.800048828125,
        -1653.5999755859375,
        -2018.800048828125,
        -1842.199951171875,
        -1951.5999755859375,
        -1856.0,
        -1677.199951171875,
        -1693.4000244140625,
        -1981.0,
        -1919.4000244140625,
        -2012.0,
        -1819.4000244140625,
        -1643.199951171875,
        -1707.0,
        -1851.800048828125,
        -1558.5999755859375,
        -1979.4000244140625,
        -1736.199951171875,
        -1832.800048828125,
        -1789.800048828125,
        -1976.4000244140625,
        -1878.5999755859375,
        -1701.199951171875,
        -1572.199951171875,
        -1795.0,
        -1785.0,
        -1676.800048828125,
        -1479.0,
        -1692.800048828125,
        -1867.0,
        -1685.4000244140625,
        -1707.4000244140625,
        -1476.5999755859375,
        -1518.0,
        -1750.0,
        -1558.4000244140625,
        -1801.800048828125,
        -1464.800048828125,
        -1579.5999755859375,
        -1869.199951171875,
        -1578.199951171875,
        -1612.0,
        -1632.800048828125,
        -1631.800048828125,
        -1428.4000244140625,
        -1538.5999755859375,
        -1494.4000244140625,
        -1764.800048828125,
        -1406.5999755859375,
        -1483.5999755859375,
        -1688.4000244140625,
        -1867.199951171875,
        -1747.4000244140625,
        -1390.199951171875
    ]
}