{
    "Loss": [
        5122.0302734375,
        14561252.0
    ],
    "Returns": [
        -472.20001220703125,
        -374.29998779296875,
        -454.3999938964844,
        -407.8999938964844,
        -367.29998779296875,
        -374.20001220703125,
        -353.0,
        -481.6000061035156,
        -472.5,
        -409.8999938964844,
        -481.29998779296875,
        -475.20001220703125,
        -258.1000061035156,
        -430.1000061035156,
        -433.0,
        -361.3999938964844,
        -451.70001220703125,
        -401.20001220703125,
        -369.70001220703125,
        -427.1000061035156,
        -354.6000061035156,
        -428.79998779296875,
        -477.0,
        -382.6000061035156,
        -463.20001220703125,
        -420.0,
        -472.79998779296875,
        -336.20001220703125,
        -488.5,
        -301.8999938964844,
        -466.6000061035156,
        -399.6000061035156
    ]
}