{
    "Loss": [
        5105.48193359375,
        3676.653076171875,
        4093.795654296875,
        1867.48974609375,
        1784.840576171875,
        4119.3505859375,
        3856.653564453125,
        4174.048828125,
        2994.393310546875,
        3403.78955078125,
        5641.56005859375,
        4334.45703125,
        3947.266357421875,
        3960.3095703125,
        3395.41162109375,
        4867.9658203125,
        3367.512939453125,
        4760.5791015625,
        5194.08544921875,
        2932.24072265625,
        5513.66162109375,
        4137.9951171875,
        5532.96533203125,
        4154.99462890625,
        4013.513916015625,
        4300.57421875,
        5058.126953125,
        7365.19921875,
        4492.1708984375,
        6218.62646484375,
        4705.91943359375,
        4374.939453125,
        6216.4697265625,
        2940.708984375,
        4786.08349609375,
        5496.67333984375,
        3697.05908203125,
        4363.64990234375,
        1873.60107421875,
        2962.033203125,
        4409.16162109375,
        3664.9150390625,
        5463.23779296875,
        3742.421875,
        3687.1435546875,
        5145.18798828125
    ],
    "Returns": [
        -402.5,
        -361.5,
        -306.29998779296875,
        -326.5,
        -320.8999938964844,
        -379.0,
        -371.70001220703125,
        -357.6000061035156,
        -410.1000061035156,
        -407.29998779296875,
        -365.5,
        -388.8999938964844,
        -354.29998779296875,
        -394.6000061035156,
        -374.20001220703125,
        -387.8999938964844,
        -407.0,
        -401.1000061035156,
        -364.79998779296875,
        -346.3999938964844,
        -378.3999938964844,
        -364.6000061035156,
        -401.1000061035156,
        -359.0,
        -325.0,
        -360.1000061035156,
        -333.3999938964844,
        -374.5,
        -375.1000061035156,
        -374.70001220703125,
        -375.1000061035156,
        -402.0,
        -383.0,
        -407.29998779296875,
        -348.3999938964844,
        -383.1000061035156,
        -373.79998779296875,
        -364.0,
        -374.3999938964844,
        -375.3999938964844,
        -363.70001220703125,
        -376.29998779296875,
        -391.8999938964844,
        -391.1000061035156,
        -365.20001220703125,
        -335.70001220703125,
        -310.6000061035156,
        -337.79998779296875,
        -351.79998779296875,
        -408.1000061035156,
        -407.70001220703125,
        -356.0,
        -400.70001220703125,
        -378.3999938964844,
        -383.70001220703125,
        -400.8999938964844,
        -362.1000061035156,
        -370.6000061035156,
        -352.1000061035156,
        -346.5,
        -373.6000061035156,
        -363.29998779296875,
        -319.70001220703125,
        -358.70001220703125,
        -366.5,
        -366.5,
        -366.5,
        -366.5,
        -366.5,
        -366.5,
        -366.5,
        -366.5,
        -366.5,
        -366.5,
        -366.5,
        -366.5,
        -366.5,
        -366.5,
        -366.5,
        -366.5,
        -366.5,
        -366.5,
        -366.5,
        -366.5,
        -366.5,
        -366.5,
        -366.5,
        -366.5,
        -366.5,
        -366.5,
        -366.5,
        -366.5,
        -366.5,
        -366.5,
        -366.5,
        -366.5,
        -366.5,
        -366.5,
        -366.5,
        -366.5,
        -366.5,
        -366.5,
        -366.5,
        -366.5,
        -366.5,
        -366.5,
        -366.5,
        -366.5,
        -366.5,
        -366.5,
        -366.5,
        -366.5,
        -366.5,
        -366.5,
        -366.5,
        -366.5,
        -366.5,
        -366.5,
        -366.5,
        -366.5,
        -366.5,
        -366.5,
        -366.5,
        -366.5,
        -366.5,
        -366.5,
        -366.5,
        -366.5,
        -366.5,
        -366.5,
        -366.5,
        -366.5,
        -366.5,
        -366.5,
        -366.5,
        -366.5,
        -366.5,
        -366.5,
        -366.5,
        -366.5,
        -366.5,
        -366.5,
        -366.5,
        -366.5,
        -366.5,
        -366.5,
        -366.5,
        -366.5,
        -366.5,
        -366.5,
        -366.5,
        -366.5,
        -366.5,
        -366.5,
        -366.5,
        -366.5,
        -366.5,
        -366.5,
        -366.5,
        -366.5
    ]
}