{
    "Loss": [
        -307823.125,
        -307601.96875,
        -301698.21875,
        -309997.03125,
        -311172.0625,
        -322840.21875,
        -313771.03125,
        -316966.71875,
        -320153.625,
        -315717.25,
        -293697.375,
        -299203.625,
        -329846.625,
        -302639.8125,
        -318620.65625,
        -299561.4375,
        -311550.09375,
        -316921.21875,
        -314125.09375,
        -306465.34375,
        -319803.875,
        -339809.125,
        -304334.84375
    ],
    "Returns": [
        -359.5,
        -349.6000061035156,
        -342.6000061035156,
        -330.79998779296875,
        -370.5,
        -366.1000061035156,
        -330.29998779296875,
        -318.6000061035156,
        -362.3999938964844,
        -348.79998779296875,
        -300.8999938964844,
        -371.6000061035156,
        -384.20001220703125,
        -326.70001220703125,
        -372.3999938964844,
        -373.0,
        -468.8999938964844,
        -306.79998779296875,
        -473.79998779296875,
        -415.5,
        -366.5,
        -376.70001220703125,
        -473.79998779296875,
        -405.1000061035156,
        -447.20001220703125,
        -473.79998779296875,
        -347.29998779296875,
        -435.5,
        -384.1000061035156,
        -409.3999938964844,
        -411.3999938964844,
        -401.79998779296875,
        -336.70001220703125,
        -342.6000061035156,
        -312.0,
        -378.0,
        -283.0,
        -349.8999938964844,
        -351.8999938964844,
        -375.70001220703125,
        -330.70001220703125,
        -301.29998779296875,
        -380.0,
        -309.70001220703125,
        -326.8999938964844,
        -386.20001220703125,
        -298.6000061035156,
        -368.1000061035156,
        -350.6000061035156,
        -350.1000061035156,
        -300.79998779296875,
        -415.79998779296875,
        -231.5,
        -300.20001220703125,
        -309.70001220703125,
        -394.6000061035156,
        -473.79998779296875,
        -471.79998779296875,
        -260.29998779296875,
        -410.0,
        -361.5,
        -465.5,
        -471.79998779296875,
        -473.79998779296875,
        -279.5,
        -292.6000061035156,
        -295.3999938964844,
        -281.8999938964844,
        -295.79998779296875,
        -292.5,
        -295.3999938964844,
        -295.3999938964844,
        -295.3999938964844,
        -295.79998779296875,
        -287.0,
        -258.3999938964844,
        -295.79998779296875,
        -295.3999938964844,
        -295.3999938964844,
        -274.3999938964844,
        -312.6000061035156,
        -276.3999938964844,
        -384.1000061035156,
        -384.1000061035156,
        -366.6000061035156,
        -360.20001220703125,
        -347.79998779296875,
        -384.1000061035156,
        -384.1000061035156,
        -384.1000061035156,
        -374.70001220703125,
        -384.1000061035156,
        -291.5,
        -384.1000061035156,
        -384.1000061035156,
        -384.1000061035156,
        -279.5,
        -279.5,
        -279.5,
        -279.5,
        -279.5,
        -279.5,
        -279.5,
        -279.5,
        -279.5,
        -279.5,
        -279.5,
        -279.5,
        -279.5,
        -279.5,
        -279.5,
        -279.5,
        -312.6000061035156,
        -312.6000061035156,
        -312.6000061035156,
        -312.6000061035156,
        -312.6000061035156,
        -312.6000061035156,
        -312.6000061035156,
        -312.6000061035156,
        -312.6000061035156,
        -312.6000061035156,
        -312.6000061035156,
        -312.6000061035156,
        -312.6000061035156,
        -312.6000061035156,
        -312.6000061035156,
        -312.6000061035156,
        -279.5,
        -279.5,
        -279.5,
        -279.5,
        -279.5,
        -279.5,
        -279.5,
        -279.5,
        -279.5,
        -279.5,
        -279.5,
        -279.5,
        -279.5,
        -279.5,
        -279.5,
        -279.5,
        -312.6000061035156,
        -312.6000061035156,
        -312.6000061035156,
        -312.6000061035156,
        -312.6000061035156,
        -312.6000061035156,
        -312.6000061035156,
        -312.6000061035156,
        -312.6000061035156,
        -312.6000061035156,
        -312.6000061035156,
        -312.6000061035156,
        -312.6000061035156,
        -312.6000061035156,
        -312.6000061035156,
        -312.6000061035156
    ]
}