{
    "Loss": [
        4818.4560546875,
        4743.9833984375,
        3316.377197265625,
        3615.516357421875,
        2179.928466796875,
        4307.77685546875,
        4061.604248046875,
        3221.8955078125,
        2850.96728515625,
        2983.26416015625,
        4850.47802734375,
        4182.6650390625,
        3325.545654296875,
        2548.318603515625,
        5213.98876953125,
        4960.41748046875,
        4634.85400390625,
        6076.05859375,
        3102.75244140625,
        4173.63671875,
        2909.0654296875,
        6802.73583984375,
        4454.99169921875,
        5284.65234375,
        5283.3828125,
        3942.962158203125,
        4501.88232421875,
        4556.10009765625,
        3790.866943359375,
        5387.615234375,
        5223.17578125,
        4453.9052734375,
        6783.146484375,
        2717.630126953125,
        3754.243896484375,
        3795.407470703125,
        3103.892333984375,
        6040.55078125,
        2642.937255859375,
        4525.08544921875,
        3406.60693359375,
        3204.82666015625,
        4423.2509765625,
        5999.86083984375,
        4880.4775390625,
        6482.02490234375
    ],
    "Returns": [
        -305.3999938964844,
        -381.29998779296875,
        -373.8999938964844,
        -334.0,
        -396.29998779296875,
        -380.6000061035156,
        -410.5,
        -372.3999938964844,
        -374.79998779296875,
        -405.0,
        -326.8999938964844,
        -354.79998779296875,
        -378.3999938964844,
        -366.8999938964844,
        -365.1000061035156,
        -337.6000061035156,
        -390.5,
        -367.70001220703125,
        -360.79998779296875,
        -369.8999938964844,
        -292.3999938964844,
        -345.8999938964844,
        -330.8999938964844,
        -412.6000061035156,
        -392.29998779296875,
        -289.6000061035156,
        -346.6000061035156,
        -413.5,
        -381.1000061035156,
        -392.1000061035156,
        -375.29998779296875,
        -317.1000061035156,
        -409.3999938964844,
        -371.29998779296875,
        -386.6000061035156,
        -374.5,
        -347.3999938964844,
        -406.8999938964844,
        -371.20001220703125,
        -411.70001220703125,
        -394.20001220703125,
        -356.79998779296875,
        -370.5,
        -411.70001220703125,
        -380.70001220703125,
        -405.29998779296875,
        -380.6000061035156,
        -400.5,
        -390.20001220703125,
        -394.79998779296875,
        -359.20001220703125,
        -406.79998779296875,
        -359.1000061035156,
        -386.70001220703125,
        -365.29998779296875,
        -331.70001220703125,
        -390.20001220703125,
        -377.8999938964844,
        -372.6000061035156,
        -375.0,
        -365.79998779296875,
        -405.5,
        -369.79998779296875,
        -311.6000061035156,
        -411.8999938964844,
        -378.0,
        -389.6000061035156,
        -398.1000061035156,
        -357.1000061035156,
        -404.3999938964844,
        -371.20001220703125,
        -405.29998779296875,
        -404.3999938964844,
        -411.6000061035156,
        -405.1000061035156,
        -387.5,
        -413.1000061035156,
        -374.1000061035156,
        -405.29998779296875,
        -396.20001220703125,
        -374.70001220703125,
        -374.70001220703125,
        -374.70001220703125,
        -374.70001220703125,
        -374.70001220703125,
        -374.70001220703125,
        -374.70001220703125,
        -374.70001220703125,
        -374.70001220703125,
        -374.70001220703125,
        -374.70001220703125,
        -374.70001220703125,
        -374.70001220703125,
        -374.70001220703125,
        -374.70001220703125,
        -374.70001220703125,
        -374.70001220703125,
        -374.70001220703125,
        -374.70001220703125,
        -374.70001220703125,
        -374.70001220703125,
        -374.70001220703125,
        -374.70001220703125,
        -374.70001220703125,
        -374.70001220703125,
        -374.70001220703125,
        -374.70001220703125,
        -374.70001220703125,
        -374.70001220703125,
        -374.70001220703125,
        -374.70001220703125,
        -374.70001220703125,
        -374.70001220703125,
        -374.70001220703125,
        -374.70001220703125,
        -374.70001220703125,
        -374.70001220703125,
        -374.70001220703125,
        -374.70001220703125,
        -374.70001220703125,
        -374.70001220703125,
        -374.70001220703125,
        -374.70001220703125,
        -374.70001220703125,
        -374.70001220703125,
        -374.70001220703125,
        -374.70001220703125,
        -374.70001220703125,
        -374.70001220703125,
        -374.70001220703125,
        -374.70001220703125,
        -374.70001220703125,
        -374.70001220703125,
        -374.70001220703125,
        -374.70001220703125,
        -374.70001220703125,
        -374.70001220703125,
        -374.70001220703125,
        -374.70001220703125,
        -374.70001220703125,
        -374.70001220703125,
        -374.70001220703125,
        -374.70001220703125,
        -374.70001220703125,
        -398.1000061035156,
        -398.1000061035156,
        -398.1000061035156,
        -398.1000061035156,
        -398.1000061035156,
        -398.1000061035156,
        -398.1000061035156,
        -398.1000061035156,
        -398.1000061035156,
        -398.1000061035156,
        -398.1000061035156,
        -398.1000061035156,
        -398.1000061035156,
        -398.1000061035156,
        -398.1000061035156,
        -398.1000061035156
    ]
}