{
    "Loss": [
        1206.354736328125,
        488.27032470703125,
        453.55328369140625,
        -245.377685546875,
        34.8685302734375,
        -168.622802734375
    ],
    "Returns": [
        -374.5,
        -395.1000061035156,
        -367.0,
        -332.1000061035156,
        -371.8999938964844,
        -371.70001220703125,
        -376.70001220703125,
        -339.1000061035156,
        -374.29998779296875,
        -319.6000061035156,
        -392.79998779296875,
        -347.3999938964844,
        -389.29998779296875,
        -364.20001220703125,
        -319.29998779296875,
        -350.3999938964844,
        -297.8999938964844,
        -365.70001220703125,
        -307.79998779296875,
        -374.5,
        -363.1000061035156,
        -334.5,
        -289.8999938964844,
        -386.3999938964844,
        -311.8999938964844,
        -310.1000061035156,
        -379.1000061035156,
        -365.8999938964844,
        -333.70001220703125,
        -292.0,
        -332.8999938964844,
        -338.5
    ]
}