{
    "Loss": [
        1137.359375
    ],
    "Returns": [
        -469.29998779296875,
        -444.0,
        -425.6000061035156,
        -421.20001220703125,
        -441.1000061035156,
        -369.20001220703125,
        -468.6000061035156,
        -472.8999938964844,
        -470.79998779296875,
        -370.8999938964844,
        -468.70001220703125,
        -444.5,
        -463.0,
        -438.79998779296875,
        -469.29998779296875,
        -350.8999938964844
    ]
}