{
    "Loss": [
        5416.412109375
    ],
    "Returns": [
        -420.6000061035156,
        -414.8999938964844,
        -429.70001220703125,
        -432.8999938964844,
        -417.70001220703125,
        -394.3999938964844,
        -403.79998779296875,
        -416.29998779296875,
        -413.1000061035156,
        -409.79998779296875,
        -449.29998779296875,
        -426.8999938964844,
        -387.29998779296875,
        -430.29998779296875,
        -415.6000061035156,
        -430.20001220703125
    ]
}