{
    "Loss": [
        4.4677308092933734e+18,
        4.50169417371956e+18
    ],
    "Returns": [
        -887.4000244140625,
        -813.2000122070312,
        -921.5999755859375,
        -952.0,
        -895.4000244140625,
        -837.0,
        -886.7999877929688,
        -908.0,
        -797.4000244140625,
        -853.5999755859375,
        -916.2000122070312,
        -827.2000122070312,
        -912.4000244140625,
        -906.0,
        -800.0,
        -817.2000122070312,
        -953.7999877929688,
        -953.7999877929688,
        -953.7999877929688,
        -953.7999877929688,
        -953.7999877929688,
        -953.7999877929688,
        -953.7999877929688,
        -953.7999877929688,
        -953.7999877929688,
        -953.7999877929688,
        -953.7999877929688,
        -953.7999877929688,
        -953.7999877929688,
        -953.7999877929688,
        -953.7999877929688,
        -953.7999877929688
    ]
}