{
    "Loss": [
        -4950.75244140625,
        -2036.285888671875,
        -3161.6201171875,
        -2609.654052734375,
        -2307.58251953125,
        -4215.8056640625,
        -2401.446044921875,
        -3863.882080078125,
        -5021.75927734375,
        -3936.62646484375,
        -2771.8046875,
        -3624.14990234375,
        -4166.330078125,
        -3218.02490234375,
        -3473.405029296875,
        -4097.16064453125,
        -3044.1572265625,
        -4870.64013671875,
        -2740.768798828125,
        -3337.0546875,
        -2905.71240234375,
        -2797.785400390625,
        -2738.09326171875,
        -4815.57080078125,
        -3892.2412109375,
        -4054.288818359375,
        -2520.23388671875,
        -3466.113037109375,
        -4479.533203125,
        -5143.02392578125,
        -3437.018310546875,
        -4378.61962890625,
        -4240.2294921875,
        -4346.89404296875,
        -5420.96533203125,
        -3393.496826171875,
        -5489.27490234375,
        -3192.857421875,
        -4381.40576171875,
        -4931.32958984375,
        -4906.1396484375,
        -3856.3193359375,
        -4857.32080078125,
        -3904.337890625,
        -4808.5029296875,
        -6568.9052734375,
        -4398.9033203125,
        -2872.037109375,
        -5195.69677734375,
        -6014.9189453125,
        -2960.37646484375,
        -4819.1748046875,
        -3640.116455078125,
        -6179.76025390625,
        -5364.56494140625
    ],
    "Returns": [
        -741.4000244140625,
        -538.0,
        -586.7999877929688,
        -557.2000122070312,
        -653.0,
        -715.5999755859375,
        -626.2000122070312,
        -555.7999877929688,
        -607.5999755859375,
        -592.7999877929688,
        -536.4000244140625,
        -642.0,
        -563.7999877929688,
        -582.5999755859375,
        -593.7999877929688,
        -558.7999877929688,
        -570.0,
        -538.0,
        -575.2000122070312,
        -552.7999877929688,
        -613.7999877929688,
        -601.5999755859375,
        -557.5999755859375,
        -670.5999755859375
    ]
}