{
    "Loss": [
        217.7224578857422,
        218.41827392578125,
        185.57559204101562,
        190.71693420410156,
        197.71986389160156,
        177.87623596191406,
        180.29473876953125,
        175.11314392089844,
        188.57798767089844,
        201.1680450439453,
        189.0003662109375,
        180.91273498535156,
        2400.29736328125,
        1559.6480712890625,
        1784.587158203125,
        2271.740234375,
        1765.8485107421875,
        130.38833618164062,
        1921.6507568359375,
        1142.95947265625,
        149.73976135253906,
        1117.9967041015625,
        1023.14453125,
        765.188232421875,
        1684.4998779296875,
        119.11620330810547,
        615.6925048828125,
        1072.040283203125,
        1562.8321533203125,
        508.17120361328125,
        124.0727767944336,
        104.86178588867188,
        950.9659423828125,
        2281.39013671875,
        1274.333984375,
        532.8822021484375,
        1916.4417724609375,
        1229.86181640625,
        1151.1129150390625,
        3015.56201171875,
        1133.2332763671875,
        2682.031982421875,
        110.72643280029297,
        2424.46484375,
        1738.731201171875,
        1846.961181640625,
        1122.77734375,
        703.7561645507812,
        764.8494262695312,
        608.7860717773438,
        2694.523681640625,
        49.418479919433594,
        1729.327880859375,
        1745.3883056640625,
        2625.135498046875
    ],
    "Returns": [
        -531.4000244140625,
        -413.20001220703125,
        -612.5999755859375,
        -508.0,
        -540.0,
        -610.2000122070312,
        -616.2000122070312,
        -765.4000244140625,
        -593.7999877929688,
        -616.2000122070312,
        -704.0,
        -707.5999755859375,
        -690.2000122070312,
        -613.7999877929688,
        -621.4000244140625,
        -681.4000244140625,
        -659.7999877929688,
        -585.2000122070312,
        -553.2000122070312,
        -632.4000244140625,
        -580.5999755859375,
        -602.4000244140625,
        -752.7999877929688,
        -578.0
    ]
}