{
    "Loss": [
        -715.08203125,
        -510.5675048828125,
        -141.15182495117188,
        -996.2412109375,
        -281.288330078125,
        -285.3072204589844,
        -506.6077575683594,
        -848.1971435546875,
        -854.250732421875,
        -932.8096923828125,
        -179.7270965576172,
        -1258.853515625,
        -424.70458984375
    ],
    "Returns": [
        -555.2000122070312,
        -628.7999877929688,
        -556.2000122070312,
        -548.7999877929688,
        -549.4000244140625,
        -684.4000244140625,
        -587.2000122070312,
        -504.79998779296875
    ]
}