{
    "Loss": [
        -28008946.0,
        -904839488.0,
        -5316877824.0,
        -15016809472.0,
        -25124237312.0
    ],
    "Returns": [
        -892.2000122070312,
        -916.2000122070312,
        -950.0,
        -943.4000244140625,
        -901.0,
        -920.7999877929688,
        -947.2000122070312,
        -666.0,
        -934.4000244140625,
        -940.4000244140625,
        -945.0,
        -942.4000244140625,
        -954.5999755859375,
        -954.7999877929688,
        -862.7999877929688,
        -892.7999877929688,
        -929.0,
        -907.5999755859375,
        -962.0,
        -876.0,
        -895.0,
        -813.2000122070312,
        -919.4000244140625,
        -940.0,
        -922.0,
        -940.0,
        -943.2000122070312,
        -937.2000122070312,
        -937.4000244140625,
        -929.7999877929688,
        -868.0,
        -884.5999755859375,
        -871.7999877929688,
        -937.0,
        -915.5999755859375,
        -931.0,
        -744.4000244140625,
        -901.4000244140625,
        -961.5999755859375,
        -924.7999877929688,
        -911.0,
        -951.2000122070312,
        -916.7999877929688,
        -940.7999877929688,
        -939.4000244140625,
        -911.5999755859375,
        -920.2000122070312,
        -813.7999877929688,
        -887.0,
        -950.4000244140625,
        -739.0,
        -935.5999755859375,
        -962.2000122070312,
        -934.7999877929688,
        -940.4000244140625,
        -938.7999877929688,
        -920.0,
        -918.0,
        -940.7999877929688,
        -937.5999755859375,
        -949.5999755859375,
        -761.0,
        -861.2000122070312,
        -860.5999755859375,
        -925.2000122070312,
        -932.7999877929688,
        -928.2000122070312,
        -928.2000122070312,
        -949.0,
        -774.7999877929688,
        -817.4000244140625,
        -910.4000244140625,
        -892.0,
        -919.5999755859375,
        -913.0,
        -920.5999755859375,
        -859.0,
        -941.4000244140625,
        -937.0,
        -854.5999755859375
    ]
}