{
    "Loss": [
        286.9330139160156,
        283.632080078125,
        272.4148864746094,
        253.81491088867188,
        255.67852783203125,
        245.77249145507812,
        218.31956481933594,
        209.71568298339844,
        231.0670928955078,
        227.78175354003906,
        201.70245361328125,
        216.5074920654297,
        201.9311065673828,
        176.24697875976562,
        172.59689331054688,
        161.35165405273438,
        703.9745483398438,
        1210.4422607421875,
        1328.0301513671875,
        1298.5811767578125,
        704.2685546875,
        1875.928466796875,
        1204.841064453125,
        1376.63818359375,
        738.29345703125,
        2602.31103515625,
        2016.8350830078125,
        2564.545654296875,
        1271.7235107421875,
        1201.4224853515625,
        614.5337524414062,
        1147.4111328125,
        3242.22802734375,
        1952.433837890625,
        3111.07763671875,
        2693.153076171875,
        614.049560546875,
        1068.03955078125,
        2812.6572265625,
        1257.1341552734375,
        715.4253540039062,
        1995.18212890625,
        1168.39013671875,
        101.35092163085938,
        3216.608642578125,
        1210.98974609375,
        548.7074584960938,
        666.8822631835938,
        1701.9923095703125,
        1811.680908203125,
        704.6986083984375,
        2511.239501953125,
        1189.8077392578125,
        1126.334228515625,
        1436.2689208984375,
        1583.6484375,
        668.1736450195312,
        693.338134765625,
        2310.864013671875
    ],
    "Returns": [
        -612.7999877929688,
        -672.4000244140625,
        -736.7999877929688,
        -654.5999755859375,
        -704.4000244140625,
        -694.2000122070312,
        -633.7999877929688,
        -534.0,
        -527.7999877929688,
        -598.5999755859375,
        -548.2000122070312,
        -651.7999877929688,
        -683.4000244140625,
        -615.7999877929688,
        -595.0,
        -683.4000244140625,
        -517.0,
        -642.0,
        -597.5999755859375,
        -632.7999877929688,
        -715.0,
        -533.0,
        -579.0,
        -533.5999755859375,
        -741.4000244140625,
        -656.2000122070312,
        -531.5999755859375,
        -535.4000244140625,
        -603.4000244140625,
        -721.5999755859375,
        -535.7999877929688,
        -666.5999755859375,
        -709.2000122070312,
        -673.7999877929688,
        -654.7999877929688,
        -575.2000122070312,
        -552.2000122070312,
        -648.7999877929688,
        -548.7999877929688,
        -548.0,
        -668.4000244140625,
        -689.2000122070312,
        -734.0,
        -675.7999877929688,
        -717.2000122070312,
        -709.2000122070312,
        -552.4000244140625,
        -683.2000122070312
    ]
}