{
    "Loss": [
        176.2753448486328,
        176.48056030273438,
        177.87496948242188,
        177.03030395507812,
        180.5223388671875,
        175.52978515625,
        176.20819091796875,
        163.29647827148438,
        177.3850555419922,
        174.10568237304688,
        180.50125122070312,
        179.69845581054688,
        163.4076385498047,
        173.23318481445312,
        178.20883178710938,
        153.60096740722656,
        1793.458740234375,
        1287.24755859375,
        1196.541259765625,
        2451.896240234375,
        1780.2752685546875,
        1271.3199462890625,
        2644.35693359375,
        1687.921142578125,
        641.2974853515625,
        688.8336181640625,
        120.04898071289062,
        695.7264404296875,
        1815.3931884765625,
        590.3502197265625,
        120.90705108642578,
        583.3936767578125,
        2004.497314453125,
        1863.148681640625,
        1243.4163818359375,
        589.6995849609375,
        1064.176025390625,
        3349.271728515625,
        2911.262451171875,
        2620.91455078125,
        2046.718994140625,
        667.6453247070312,
        3163.515625,
        2503.415283203125,
        1261.8544921875,
        1415.7362060546875,
        1240.963134765625,
        1290.3787841796875,
        642.7009887695312,
        1343.4268798828125,
        1940.7362060546875,
        2909.7216796875,
        1482.7869873046875,
        1260.4339599609375,
        1848.7913818359375,
        2361.7890625,
        2174.42822265625,
        1351.6690673828125,
        2698.96923828125
    ],
    "Returns": [
        -697.5999755859375,
        -582.5999755859375,
        -664.7999877929688,
        -586.0,
        -462.6000061035156,
        -617.5999755859375,
        -641.4000244140625,
        -592.2000122070312,
        -688.2000122070312,
        -630.7999877929688,
        -604.4000244140625,
        -642.0,
        -562.0,
        -642.2000122070312,
        -692.2000122070312,
        -582.0,
        -611.7999877929688,
        -765.5999755859375,
        -608.7999877929688,
        -668.4000244140625,
        -804.0,
        -672.2000122070312,
        -630.4000244140625,
        -638.0,
        -661.5999755859375,
        -583.4000244140625,
        -678.0,
        -663.4000244140625,
        -748.7999877929688,
        -595.4000244140625,
        -772.2000122070312,
        -700.5999755859375,
        -572.2000122070312,
        -665.2000122070312,
        -561.5999755859375,
        -639.7999877929688,
        -593.5999755859375,
        -656.2000122070312,
        -650.7999877929688,
        -737.7999877929688,
        -651.5999755859375,
        -706.0,
        -643.2000122070312,
        -630.4000244140625,
        -658.5999755859375,
        -669.4000244140625,
        -692.4000244140625,
        -735.2000122070312
    ]
}