{
    "Loss": [
        160.4937744140625,
        166.37796020507812,
        167.3384246826172,
        179.87139892578125,
        165.43896484375,
        156.39157104492188,
        164.67257690429688,
        147.84596252441406,
        150.01873779296875,
        131.0782470703125,
        134.51296997070312,
        113.10808563232422,
        124.29914093017578,
        129.5873260498047,
        112.8333969116211,
        164.2377471923828,
        550.0462036132812,
        1666.1552734375,
        569.43505859375,
        3051.063720703125,
        1774.3763427734375,
        1085.3341064453125,
        111.5407485961914,
        1136.67431640625,
        1197.8060302734375,
        1274.8824462890625,
        1699.8670654296875,
        1101.1236572265625,
        1156.5194091796875,
        576.3260498046875,
        1120.051513671875,
        2640.1220703125,
        1190.4283447265625,
        1185.9833984375,
        726.168701171875,
        1820.472900390625,
        546.916015625,
        1214.5535888671875,
        1131.6849365234375,
        1782.01806640625,
        2230.4013671875,
        1879.4637451171875,
        601.522216796875,
        3113.212890625,
        586.0814819335938,
        1188.45703125,
        1786.104736328125,
        1065.2479248046875,
        1849.9921875,
        1779.9915771484375,
        1295.0714111328125,
        2307.324951171875,
        1174.9312744140625,
        585.7113647460938,
        1236.6817626953125,
        1251.61962890625,
        1734.471435546875,
        638.191162109375,
        1373.115966796875
    ],
    "Returns": [
        -577.2000122070312,
        -548.0,
        -737.0,
        -559.2000122070312,
        -571.4000244140625,
        -665.4000244140625,
        -551.0,
        -630.0,
        -515.2000122070312,
        -595.4000244140625,
        -638.5999755859375,
        -605.2000122070312,
        -727.0,
        -542.7999877929688,
        -586.2000122070312,
        -670.4000244140625,
        -625.7999877929688,
        -612.5999755859375,
        -586.0,
        -707.4000244140625,
        -628.4000244140625,
        -666.7999877929688,
        -497.20001220703125,
        -626.4000244140625,
        -564.0,
        -620.0,
        -570.7999877929688,
        -624.2000122070312,
        -607.7999877929688,
        -602.5999755859375,
        -546.7999877929688,
        -607.5999755859375,
        -752.5999755859375,
        -648.5999755859375,
        -671.2000122070312,
        -638.2000122070312,
        -722.5999755859375,
        -584.7999877929688,
        -635.4000244140625,
        -672.7999877929688,
        -674.5999755859375,
        -604.2000122070312,
        -580.0,
        -522.5999755859375,
        -609.5999755859375,
        -723.4000244140625,
        -583.2000122070312,
        -515.4000244140625
    ]
}