{
    "Loss": [
        501.8621826171875,
        371.8067626953125,
        35.41503143310547,
        257.63250732421875,
        94.91763305664062,
        1032.0281982421875,
        1962.6270751953125,
        1467.953857421875,
        4352.912109375,
        192.46597290039062
    ],
    "Returns": [
        -942.4000244140625,
        -863.0,
        -898.7999877929688,
        -870.4000244140625,
        -946.2000122070312,
        -823.2000122070312,
        -833.0,
        -866.4000244140625,
        -832.5999755859375,
        -836.0,
        -947.5999755859375,
        -901.5999755859375,
        -863.2000122070312,
        -895.2000122070312,
        -904.4000244140625,
        -856.0,
        -956.4000244140625,
        -952.2000122070312,
        -947.7999877929688,
        -943.2000122070312,
        -956.0,
        -956.2000122070312,
        -954.5999755859375,
        -956.5999755859375,
        -952.4000244140625,
        -941.7999877929688,
        -947.7999877929688,
        -947.7999877929688,
        -956.4000244140625,
        -947.7999877929688,
        -949.2000122070312,
        -955.4000244140625,
        -940.5999755859375,
        -928.0,
        -943.7999877929688,
        -929.7999877929688,
        -942.5999755859375,
        -950.2000122070312,
        -951.4000244140625,
        -946.2000122070312,
        -949.5999755859375,
        -946.0,
        -952.7999877929688,
        -947.4000244140625,
        -942.0,
        -936.0,
        -946.0,
        -935.0,
        -939.5999755859375,
        -943.7999877929688,
        -945.5999755859375,
        -936.2000122070312,
        -949.2000122070312,
        -949.0,
        -947.4000244140625,
        -946.0,
        -944.0,
        -939.2000122070312,
        -949.2000122070312,
        -947.5999755859375,
        -936.2000122070312,
        -947.2000122070312,
        -945.4000244140625,
        -945.5999755859375,
        -961.5999755859375,
        -961.5999755859375,
        -961.5999755859375,
        -961.5999755859375,
        -961.5999755859375,
        -961.5999755859375,
        -961.5999755859375,
        -961.5999755859375,
        -961.5999755859375,
        -961.5999755859375,
        -961.5999755859375,
        -961.5999755859375,
        -961.5999755859375,
        -961.5999755859375,
        -961.5999755859375,
        -961.5999755859375,
        -945.2000122070312,
        -955.0,
        -946.4000244140625,
        -958.2000122070312,
        -945.5999755859375,
        -955.7999877929688,
        -947.0,
        -957.2000122070312,
        -947.5999755859375,
        -918.4000244140625,
        -957.0,
        -958.4000244140625,
        -956.7999877929688,
        -948.0,
        -958.0,
        -950.2000122070312,
        -956.5999755859375,
        -953.5999755859375,
        -953.2000122070312,
        -952.4000244140625,
        -955.4000244140625,
        -956.2000122070312,
        -955.0,
        -953.4000244140625,
        -945.2000122070312,
        -937.4000244140625,
        -943.4000244140625,
        -953.4000244140625,
        -946.4000244140625,
        -950.4000244140625,
        -950.2000122070312,
        -955.7999877929688,
        -942.0,
        -942.0,
        -942.0,
        -942.0,
        -942.0,
        -942.0,
        -942.0,
        -942.0,
        -942.0,
        -942.0,
        -942.0,
        -942.0,
        -942.0,
        -942.0,
        -942.0,
        -942.0,
        -932.7999877929688,
        -927.0,
        -933.0,
        -932.0,
        -929.5999755859375,
        -933.5999755859375,
        -933.2000122070312,
        -933.5999755859375,
        -933.5999755859375,
        -927.0,
        -934.5999755859375,
        -933.7999877929688,
        -931.0,
        -934.4000244140625,
        -934.2000122070312,
        -929.0,
        -956.4000244140625,
        -956.4000244140625,
        -956.4000244140625,
        -956.4000244140625,
        -956.4000244140625,
        -956.4000244140625,
        -956.4000244140625,
        -956.4000244140625,
        -956.4000244140625,
        -956.4000244140625,
        -956.4000244140625,
        -956.4000244140625,
        -956.4000244140625,
        -956.4000244140625,
        -956.4000244140625,
        -956.4000244140625
    ]
}