{
    "Loss": [
        421.50482177734375,
        264.1351623535156,
        350.4825439453125,
        463.53564453125,
        252.7294158935547,
        17.607330322265625,
        -10.406303405761719,
        20.919109344482422,
        -5.2833099365234375,
        -95.58949279785156,
        -134.84927368164062,
        -234.17752075195312,
        -206.27386474609375,
        -64.74311065673828,
        -201.2628173828125,
        -193.7810821533203,
        870.9317016601562,
        431.771728515625,
        5092.8291015625,
        393.324951171875,
        1450.235595703125,
        -256.6470642089844,
        -196.21282958984375,
        2511.8759765625,
        385.25457763671875,
        1754.694580078125,
        439.253662109375,
        1322.358154296875,
        -241.57347106933594,
        -268.21563720703125,
        236.69143676757812,
        -85.7655258178711,
        297.6144714355469,
        1042.54248046875,
        544.023681640625,
        531.6279296875,
        -154.30691528320312,
        392.01177978515625,
        411.1142883300781,
        1091.640380859375,
        1900.116943359375,
        1710.102783203125,
        332.88861083984375,
        1062.1842041015625,
        921.0906982421875,
        343.0733642578125,
        963.3243408203125,
        2370.92236328125,
        1644.100341796875,
        1083.4942626953125,
        2068.56201171875,
        -244.0169219970703,
        936.3363037109375,
        1710.9443359375,
        6152.14794921875,
        -277.16558837890625,
        1605.8641357421875,
        -235.3929443359375,
        276.8089294433594
    ],
    "Returns": [
        -697.7999877929688,
        -752.5999755859375,
        -757.4000244140625,
        -679.4000244140625,
        -537.4000244140625,
        -721.5999755859375,
        -726.7999877929688,
        -609.7999877929688,
        -694.2000122070312,
        -560.2000122070312,
        -664.2000122070312,
        -748.4000244140625,
        -554.0,
        -680.5999755859375,
        -636.7999877929688,
        -645.0,
        -658.2000122070312,
        -689.2000122070312,
        -627.7999877929688,
        -605.7999877929688,
        -536.4000244140625,
        -642.7999877929688,
        -771.5999755859375,
        -636.0,
        -657.2000122070312,
        -537.2000122070312,
        -651.4000244140625,
        -614.5999755859375,
        -620.2000122070312,
        -688.2000122070312,
        -518.5999755859375,
        -668.4000244140625,
        -539.5999755859375,
        -619.2000122070312,
        -551.5999755859375,
        -584.5999755859375,
        -666.5999755859375,
        -596.4000244140625,
        -650.2000122070312,
        -616.4000244140625,
        -678.2000122070312,
        -630.5999755859375,
        -593.0,
        -500.3999938964844,
        -606.2000122070312,
        -599.5999755859375,
        -659.7999877929688,
        -676.7999877929688
    ]
}