{
    "Loss": [
        -1155317891072.0,
        -1214608572416.0,
        -1090646638592.0,
        -1103562014720.0,
        -1255738441728.0,
        -1254019170304.0,
        -1201931812864.0,
        -1172435369984.0,
        -1132337037312.0,
        -1234521161728.0,
        -1214889066496.0,
        -1199437119488.0,
        -1206533488640.0,
        -1172858732544.0,
        -1239782391808.0,
        -1281345585152.0,
        -1101123420160.0,
        -1196183257088.0,
        -1159889944576.0,
        -1138582487040.0,
        -1184369213440.0,
        -1163429281792.0,
        -1176961548288.0,
        -1185614528512.0,
        -1247969280000.0,
        -1199055962112.0,
        -1274930003968.0,
        -1195526193152.0,
        -1125805588480.0,
        -1263733571584.0,
        -1169080188928.0,
        -1076413792256.0,
        -1067702550528.0,
        -1115994718208.0,
        -1179057258496.0,
        -1211304640512.0,
        -1179920760832.0,
        -1205803941888.0,
        -1155788046336.0,
        -1177890455552.0,
        -1192554135552.0,
        -1252507648000.0,
        -1189262393344.0,
        -1165327204352.0,
        -1206791831552.0,
        -1128889974784.0,
        -1225395011584.0,
        -1178403471360.0,
        -1199168815104.0,
        -1184865189888.0,
        -1206085746688.0,
        -1224694169600.0,
        -1179999535104.0,
        -1209306185728.0,
        -1198930395136.0
    ],
    "Returns": [
        -548.5999755859375,
        -533.7999877929688,
        -552.2000122070312,
        -510.0,
        -531.4000244140625,
        -553.4000244140625,
        -523.5999755859375,
        -629.2000122070312,
        -451.79998779296875,
        -479.0,
        -566.2000122070312,
        -608.5999755859375,
        -399.20001220703125,
        -432.3999938964844,
        -474.6000061035156,
        -417.20001220703125,
        -435.6000061035156,
        -471.3999938964844,
        -450.6000061035156,
        -462.79998779296875,
        -538.2000122070312,
        -645.2000122070312,
        -533.2000122070312,
        -407.6000061035156
    ]
}