{
    "Loss": [
        14900.765625,
        13176.646484375
    ],
    "Returns": [
        -428.1000061035156,
        -415.79998779296875,
        -395.3999938964844,
        -406.70001220703125,
        -428.5,
        -446.0,
        -412.6000061035156,
        -337.29998779296875,
        -358.70001220703125,
        -432.8999938964844,
        -382.70001220703125,
        -433.8999938964844,
        -359.79998779296875,
        -418.70001220703125,
        -387.29998779296875,
        -418.8999938964844,
        -381.1000061035156,
        -413.20001220703125,
        -370.1000061035156,
        -421.6000061035156,
        -407.3999938964844,
        -348.8999938964844,
        -369.6000061035156,
        -389.3999938964844,
        -371.1000061035156,
        -407.0,
        -324.6000061035156,
        -387.20001220703125,
        -430.29998779296875,
        -444.1000061035156,
        -358.20001220703125,
        -419.8999938964844
    ]
}