{
    "Loss": [
        3542.506103515625
    ],
    "Returns": [
        -408.1000061035156,
        -394.3999938964844,
        -390.29998779296875,
        -385.29998779296875,
        -363.29998779296875,
        -416.6000061035156,
        -368.6000061035156,
        -328.3999938964844,
        -414.0,
        -329.5,
        -416.70001220703125,
        -373.8999938964844,
        -403.70001220703125,
        -420.3999938964844,
        -357.3999938964844,
        -335.29998779296875
    ]
}