{
    "Loss": [
        7103.54248046875,
        6215.56640625,
        6776.1611328125,
        6544.29541015625,
        6765.49462890625,
        4508.5498046875,
        4264.80810546875,
        4974.7744140625,
        7222.7373046875,
        5536.4267578125
    ],
    "Returns": [
        -343.70001220703125,
        -383.5,
        -372.1000061035156,
        -386.79998779296875,
        -358.8999938964844,
        -284.70001220703125,
        -339.1000061035156,
        -348.70001220703125,
        -398.6000061035156,
        -361.29998779296875,
        -406.29998779296875,
        -357.8999938964844,
        -396.5,
        -339.29998779296875,
        -359.0,
        -397.6000061035156,
        -399.1000061035156,
        -348.29998779296875,
        -377.1000061035156,
        -393.6000061035156,
        -318.5,
        -400.6000061035156,
        -314.29998779296875,
        -293.1000061035156,
        -405.6000061035156,
        -351.29998779296875,
        -290.0,
        -376.0,
        -411.70001220703125,
        -363.70001220703125,
        -301.3999938964844,
        -303.70001220703125,
        -352.8999938964844,
        -368.79998779296875,
        -388.5,
        -314.20001220703125,
        -332.29998779296875,
        -303.79998779296875,
        -346.1000061035156,
        -311.20001220703125,
        -360.79998779296875,
        -326.1000061035156,
        -325.5,
        -302.6000061035156,
        -390.29998779296875,
        -331.5,
        -390.3999938964844,
        -332.6000061035156,
        -394.29998779296875,
        -409.20001220703125,
        -330.20001220703125,
        -383.8999938964844,
        -328.20001220703125,
        -393.79998779296875,
        -389.5,
        -355.1000061035156,
        -317.5,
        -349.6000061035156,
        -408.6000061035156,
        -384.5,
        -326.79998779296875,
        -393.8999938964844,
        -368.8999938964844,
        -385.0,
        -284.1000061035156,
        -284.1000061035156,
        -284.1000061035156,
        -284.1000061035156,
        -284.1000061035156,
        -284.1000061035156,
        -284.1000061035156,
        -284.1000061035156,
        -284.1000061035156,
        -284.1000061035156,
        -284.1000061035156,
        -284.1000061035156,
        -284.1000061035156,
        -284.1000061035156,
        -284.1000061035156,
        -284.1000061035156,
        -323.6000061035156,
        -360.1000061035156,
        -332.20001220703125,
        -325.1000061035156,
        -275.1000061035156,
        -380.29998779296875,
        -412.3999938964844,
        -354.8999938964844,
        -284.1000061035156,
        -412.3999938964844,
        -408.8999938964844,
        -327.20001220703125,
        -354.8999938964844,
        -393.8999938964844,
        -325.1000061035156,
        -325.1000061035156,
        -284.1000061035156,
        -284.1000061035156,
        -284.1000061035156,
        -284.1000061035156,
        -284.1000061035156,
        -284.1000061035156,
        -284.1000061035156,
        -284.1000061035156,
        -284.1000061035156,
        -284.1000061035156,
        -284.1000061035156,
        -284.1000061035156,
        -284.1000061035156,
        -284.1000061035156,
        -284.1000061035156,
        -284.1000061035156,
        -284.1000061035156,
        -284.1000061035156,
        -284.1000061035156,
        -284.1000061035156,
        -284.1000061035156,
        -284.1000061035156,
        -284.1000061035156,
        -284.1000061035156,
        -284.1000061035156,
        -284.1000061035156,
        -284.1000061035156,
        -284.1000061035156,
        -284.1000061035156,
        -284.1000061035156,
        -284.1000061035156,
        -284.1000061035156,
        -284.1000061035156,
        -284.1000061035156,
        -284.1000061035156,
        -284.1000061035156,
        -284.1000061035156,
        -284.1000061035156,
        -284.1000061035156,
        -284.1000061035156,
        -284.1000061035156,
        -284.1000061035156,
        -284.1000061035156,
        -284.1000061035156,
        -284.1000061035156,
        -284.1000061035156,
        -284.1000061035156,
        -284.1000061035156,
        -284.1000061035156,
        -284.1000061035156,
        -284.1000061035156,
        -284.1000061035156,
        -284.1000061035156,
        -284.1000061035156,
        -284.1000061035156,
        -284.1000061035156,
        -284.1000061035156,
        -284.1000061035156,
        -284.1000061035156,
        -284.1000061035156,
        -284.1000061035156,
        -284.1000061035156,
        -284.1000061035156,
        -284.1000061035156
    ]
}