{
    "Loss": [
        -350980800.0
    ],
    "Returns": [
        -836.4000244140625,
        -921.4000244140625,
        -846.5999755859375,
        -947.2000122070312,
        -773.4000244140625,
        -924.7999877929688,
        -824.5999755859375,
        -937.7999877929688,
        -933.0,
        -866.7999877929688,
        -928.4000244140625,
        -925.0,
        -952.5999755859375,
        -914.5999755859375,
        -885.4000244140625,
        -949.0,
        -873.0,
        -912.0,
        -899.5999755859375,
        -898.7999877929688,
        -954.7999877929688,
        -851.4000244140625,
        -920.7999877929688,
        -903.7999877929688,
        -951.2000122070312,
        -931.2000122070312,
        -841.0,
        -920.7999877929688,
        -939.0,
        -944.2000122070312,
        -942.7999877929688,
        -900.5999755859375,
        -912.5999755859375,
        -898.4000244140625,
        -903.7999877929688,
        -909.0,
        -923.0,
        -956.2000122070312,
        -929.7999877929688,
        -634.5999755859375,
        -901.0,
        -850.5999755859375,
        -883.4000244140625,
        -895.2000122070312,
        -858.5999755859375,
        -916.0,
        -941.2000122070312,
        -907.4000244140625,
        -854.7999877929688,
        -935.7999877929688,
        -831.0,
        -927.5999755859375,
        -941.4000244140625,
        -938.5999755859375,
        -892.5999755859375,
        -841.7999877929688,
        -933.4000244140625,
        -827.0,
        -927.0,
        -928.4000244140625,
        -952.0,
        -927.4000244140625,
        -939.7999877929688,
        -931.7999877929688
    ]
}