{
    "Loss": [
        1157.9764404296875
    ],
    "Returns": [
        -440.8999938964844,
        -454.20001220703125,
        -466.20001220703125,
        -385.3999938964844,
        -428.79998779296875,
        -455.3999938964844,
        -365.1000061035156,
        -416.3999938964844,
        -317.6000061035156,
        -467.29998779296875,
        -354.0,
        -372.1000061035156,
        -450.6000061035156,
        -435.0,
        -459.29998779296875,
        -402.29998779296875
    ]
}