{
    "Loss": [
        737499.4375,
        806063.625,
        714382.375,
        768475.5,
        756100.625,
        656673.75,
        674435.125,
        803935.8125,
        734017.625,
        742140.375
    ],
    "Returns": [
        -374.79998779296875,
        -436.20001220703125,
        -411.70001220703125,
        -452.20001220703125,
        -450.70001220703125,
        -426.70001220703125,
        -445.79998779296875,
        -434.1000061035156,
        -394.29998779296875,
        -354.3999938964844,
        -349.20001220703125,
        -323.1000061035156,
        -330.70001220703125,
        -346.70001220703125,
        -446.79998779296875,
        -421.79998779296875,
        -410.70001220703125,
        -404.3999938964844,
        -385.8999938964844,
        -355.8999938964844,
        -330.3999938964844,
        -429.0,
        -313.5,
        -365.8999938964844,
        -311.5,
        -408.1000061035156,
        -372.3999938964844,
        -332.3999938964844,
        -443.5,
        -428.8999938964844,
        -313.79998779296875,
        -303.79998779296875,
        -306.1000061035156,
        -314.0,
        -320.8999938964844,
        -316.8999938964844,
        -317.79998779296875,
        -320.6000061035156,
        -288.6000061035156,
        -295.5,
        -318.5,
        -288.6000061035156,
        -317.6000061035156,
        -298.70001220703125,
        -316.79998779296875,
        -315.8999938964844,
        -313.0,
        -287.5,
        -288.6000061035156,
        -288.6000061035156,
        -288.6000061035156,
        -288.6000061035156,
        -288.6000061035156,
        -288.6000061035156,
        -288.6000061035156,
        -288.6000061035156,
        -288.6000061035156,
        -288.6000061035156,
        -288.6000061035156,
        -288.6000061035156,
        -288.6000061035156,
        -288.6000061035156,
        -288.6000061035156,
        -288.6000061035156,
        -288.6000061035156,
        -288.6000061035156,
        -288.6000061035156,
        -288.6000061035156,
        -288.6000061035156,
        -288.6000061035156,
        -288.6000061035156,
        -288.6000061035156,
        -288.6000061035156,
        -288.6000061035156,
        -288.6000061035156,
        -288.6000061035156,
        -288.6000061035156,
        -288.6000061035156,
        -288.6000061035156,
        -288.6000061035156,
        -288.6000061035156,
        -288.6000061035156,
        -288.6000061035156,
        -288.6000061035156,
        -288.6000061035156,
        -288.6000061035156,
        -288.6000061035156,
        -288.6000061035156,
        -288.6000061035156,
        -288.6000061035156,
        -288.6000061035156,
        -288.6000061035156,
        -288.6000061035156,
        -288.6000061035156,
        -288.6000061035156,
        -288.6000061035156,
        -288.6000061035156,
        -288.6000061035156,
        -288.6000061035156,
        -288.6000061035156,
        -288.6000061035156,
        -288.6000061035156,
        -288.6000061035156,
        -288.6000061035156,
        -288.6000061035156,
        -288.6000061035156,
        -288.6000061035156,
        -288.6000061035156,
        -288.6000061035156,
        -288.6000061035156,
        -288.6000061035156,
        -288.6000061035156,
        -288.6000061035156,
        -288.6000061035156,
        -288.6000061035156,
        -288.6000061035156,
        -288.6000061035156,
        -288.6000061035156,
        -288.6000061035156,
        -288.6000061035156,
        -288.6000061035156,
        -288.6000061035156,
        -288.6000061035156,
        -288.6000061035156,
        -288.6000061035156,
        -288.6000061035156,
        -288.6000061035156,
        -288.6000061035156,
        -288.6000061035156,
        -288.6000061035156,
        -288.6000061035156,
        -288.6000061035156,
        -288.6000061035156,
        -288.6000061035156,
        -288.6000061035156,
        -288.6000061035156,
        -288.6000061035156,
        -288.6000061035156,
        -288.6000061035156,
        -288.6000061035156,
        -288.6000061035156,
        -288.6000061035156,
        -288.6000061035156,
        -288.6000061035156,
        -288.6000061035156,
        -288.6000061035156,
        -288.6000061035156,
        -288.6000061035156,
        -288.6000061035156,
        -288.6000061035156,
        -288.6000061035156,
        -288.6000061035156,
        -288.6000061035156,
        -288.6000061035156,
        -288.6000061035156,
        -288.6000061035156,
        -288.6000061035156,
        -288.6000061035156,
        -288.6000061035156,
        -288.6000061035156
    ]
}