{
    "Loss": [
        1.8889463679678767e+22,
        1.888946593147858e+22,
        1.888946593147858e+22,
        1.8889463679678767e+22,
        1.888946593147858e+22
    ],
    "Returns": [
        -926.2000122070312,
        -914.7999877929688,
        -869.0,
        -893.5999755859375,
        -949.0,
        -913.4000244140625,
        -861.0,
        -892.4000244140625,
        -943.5999755859375,
        -938.0,
        -940.4000244140625,
        -958.7999877929688,
        -922.4000244140625,
        -722.0,
        -936.7999877929688,
        -946.7999877929688,
        -927.5999755859375,
        -928.2000122070312,
        -888.5999755859375,
        -892.5999755859375,
        -892.0,
        -939.4000244140625,
        -905.4000244140625,
        -841.4000244140625,
        -933.2000122070312,
        -950.5999755859375,
        -929.5999755859375,
        -909.4000244140625,
        -951.0,
        -736.5999755859375,
        -921.7999877929688,
        -938.7999877929688,
        -874.7999877929688,
        -947.4000244140625,
        -895.7999877929688,
        -858.2000122070312,
        -928.4000244140625,
        -947.4000244140625,
        -919.4000244140625,
        -914.7999877929688,
        -938.7999877929688,
        -950.5999755859375,
        -921.4000244140625,
        -933.4000244140625,
        -938.4000244140625,
        -946.4000244140625,
        -927.2000122070312,
        -892.4000244140625,
        -916.0,
        -888.2000122070312,
        -900.7999877929688,
        -949.0,
        -882.2000122070312,
        -909.5999755859375,
        -924.7999877929688,
        -939.0,
        -915.7999877929688,
        -846.2000122070312,
        -933.4000244140625,
        -941.2000122070312,
        -942.7999877929688,
        -936.2000122070312,
        -936.4000244140625,
        -931.4000244140625,
        -919.4000244140625,
        -936.2000122070312,
        -926.4000244140625,
        -951.4000244140625,
        -961.5999755859375,
        -907.0,
        -923.0,
        -940.0,
        -938.5999755859375,
        -945.4000244140625,
        -935.4000244140625,
        -958.2000122070312,
        -924.7999877929688,
        -948.0,
        -944.7999877929688,
        -853.7999877929688
    ]
}