{
    "Loss": [
        6.313398159227094e+21,
        8.928224131675423e+21,
        1.8889461427878953e+22,
        1.8889456924279326e+22,
        1.8889456924279326e+22,
        1.888941639188268e+22,
        1.8889409636483239e+22,
        1.8889321816290505e+22,
        1.8889387118485102e+22,
        1.8889128161506528e+22
    ],
    "Returns": [
        -775.7999877929688,
        -824.7999877929688,
        -822.7999877929688,
        -816.7999877929688,
        -805.5999755859375,
        -804.7999877929688,
        -816.2000122070312,
        -807.7999877929688,
        -823.5999755859375,
        -803.5999755859375,
        -818.4000244140625,
        -738.5999755859375,
        -738.2000122070312,
        -822.4000244140625,
        -814.4000244140625,
        -729.2000122070312,
        -818.2000122070312,
        -653.2000122070312,
        -804.4000244140625,
        -768.7999877929688,
        -806.4000244140625,
        -746.0,
        -802.2000122070312,
        -792.0,
        -807.0,
        -811.5999755859375,
        -817.5999755859375,
        -815.0,
        -815.4000244140625,
        -792.0,
        -790.2000122070312,
        -805.7999877929688,
        -746.7999877929688,
        -807.2000122070312,
        -793.0,
        -793.4000244140625,
        -798.0,
        -795.0,
        -764.7999877929688,
        -784.0,
        -800.2000122070312,
        -798.7999877929688,
        -803.5999755859375,
        -793.0,
        -785.4000244140625,
        -806.5999755859375,
        -798.5999755859375,
        -748.2000122070312,
        -812.2000122070312,
        -740.2000122070312,
        -749.4000244140625,
        -809.4000244140625,
        -809.0,
        -812.0,
        -799.0,
        -797.7999877929688,
        -788.0,
        -806.5999755859375,
        -724.5999755859375,
        -806.0,
        -809.2000122070312,
        -773.2000122070312,
        -820.7999877929688,
        -813.4000244140625,
        -796.0,
        -784.2000122070312,
        -796.5999755859375,
        -800.4000244140625,
        -805.7999877929688,
        -799.5999755859375,
        -792.2000122070312,
        -806.0,
        -771.7999877929688,
        -804.5999755859375,
        -817.7999877929688,
        -777.4000244140625,
        -727.4000244140625,
        -752.5999755859375,
        -802.0,
        -802.4000244140625,
        -797.7999877929688,
        -747.4000244140625,
        -793.4000244140625,
        -799.5999755859375,
        -798.2000122070312,
        -802.5999755859375,
        -799.7999877929688,
        -784.2000122070312,
        -792.5999755859375,
        -793.5999755859375,
        -789.0,
        -796.2000122070312,
        -801.4000244140625,
        -801.4000244140625,
        -796.2000122070312,
        -715.2000122070312,
        -801.5999755859375,
        -787.5999755859375,
        -801.5999755859375,
        -786.5999755859375,
        -807.5999755859375,
        -795.7999877929688,
        -800.4000244140625,
        -793.4000244140625,
        -803.0,
        -799.2000122070312,
        -793.7999877929688,
        -806.0,
        -797.4000244140625,
        -793.7999877929688,
        -804.0,
        -803.0,
        -808.0,
        -802.2000122070312,
        -805.5999755859375,
        -778.0,
        -831.2000122070312,
        -815.2000122070312,
        -783.7999877929688,
        -770.7999877929688,
        -818.4000244140625,
        -809.7999877929688,
        -825.7999877929688,
        -775.0,
        -810.4000244140625,
        -821.0,
        -806.5999755859375,
        -809.2000122070312,
        -765.4000244140625,
        -795.7999877929688,
        -725.7999877929688,
        -813.7999877929688,
        -797.4000244140625,
        -748.0,
        -803.4000244140625,
        -765.4000244140625,
        -780.7999877929688,
        -802.4000244140625,
        -772.7999877929688,
        -799.2000122070312,
        -803.4000244140625,
        -812.7999877929688,
        -798.7999877929688,
        -796.4000244140625,
        -736.4000244140625,
        -810.4000244140625,
        -757.5999755859375,
        -779.0,
        -802.2000122070312,
        -805.2000122070312,
        -796.5999755859375,
        -784.4000244140625,
        -817.2000122070312,
        -808.5999755859375,
        -803.4000244140625,
        -796.7999877929688,
        -789.7999877929688,
        -806.0,
        -730.5999755859375,
        -800.5999755859375
    ]
}