{
    "Loss": [
        2.4740397009611e+18
    ],
    "Returns": [
        -426.70001220703125,
        -467.3999938964844,
        -364.6000061035156,
        -375.6000061035156,
        -403.70001220703125,
        -474.29998779296875,
        -463.79998779296875,
        -429.6000061035156,
        -381.3999938964844,
        -413.29998779296875,
        -446.29998779296875,
        -396.3999938964844,
        -364.29998779296875,
        -385.6000061035156,
        -472.5,
        -335.3999938964844
    ]
}