{
    "Loss": [
        -1314.541259765625,
        -1502.810791015625,
        -2931.83740234375,
        -1896.315185546875,
        -2537.912841796875,
        -2796.6435546875,
        -2396.723388671875,
        -2902.135498046875,
        -2966.98974609375,
        -2650.1982421875,
        -2692.3271484375,
        -2982.652099609375,
        -3061.944580078125,
        -5718.46875,
        -2994.565673828125,
        -4579.0927734375,
        -3304.41015625,
        -3362.055419921875,
        -3127.69921875,
        -4684.84814453125,
        -3634.0224609375
    ],
    "Returns": [
        -433.6000061035156,
        -464.8999938964844,
        -338.3999938964844,
        -464.8999938964844,
        -319.0,
        -439.3999938964844,
        -423.70001220703125,
        -466.6000061035156,
        -454.5,
        -473.3999938964844,
        -473.8999938964844,
        -451.3999938964844,
        -467.29998779296875,
        -465.20001220703125,
        -410.20001220703125,
        -466.3999938964844,
        -354.5,
        -354.5,
        -354.5,
        -354.5,
        -354.5,
        -354.5,
        -354.5,
        -354.5,
        -354.5,
        -354.5,
        -354.5,
        -354.5,
        -354.5,
        -354.5,
        -354.5,
        -354.5,
        -354.5,
        -354.5,
        -354.5,
        -354.5,
        -354.5,
        -354.5,
        -354.5,
        -354.5,
        -354.5,
        -354.5,
        -354.5,
        -354.5,
        -354.5,
        -354.5,
        -354.5,
        -354.5,
        -354.5,
        -354.5,
        -354.5,
        -354.5,
        -354.5,
        -354.5,
        -354.5,
        -354.5,
        -354.5,
        -354.5,
        -354.5,
        -354.5,
        -354.5,
        -354.5,
        -354.5,
        -354.5,
        -354.5,
        -354.5,
        -354.5,
        -354.5,
        -354.5,
        -354.5,
        -354.5,
        -354.5,
        -354.5,
        -354.5,
        -354.5,
        -354.5,
        -354.5,
        -354.5,
        -354.5,
        -354.5
    ]
}