{
    "Loss": [
        -16.475238800048828,
        2.70013427734375,
        10.324180603027344,
        -23.614200592041016,
        -23.365829467773438,
        -109.64264678955078,
        -59.22466278076172,
        -163.52610778808594,
        -96.53702545166016,
        -111.0966567993164,
        -146.66712951660156,
        -115.98869323730469,
        -57.217960357666016,
        -56.76884460449219,
        -70.94662475585938,
        -61.36709976196289,
        480.7247314453125
    ],
    "Returns": [
        -599.5999755859375,
        -505.6000061035156,
        -495.20001220703125,
        -548.7999877929688,
        -661.2000122070312,
        -611.7999877929688,
        -612.0,
        -605.7999877929688,
        -650.2000122070312,
        -549.2000122070312,
        -589.4000244140625,
        -601.2000122070312,
        -719.5999755859375,
        -628.7999877929688,
        -543.0,
        -678.5999755859375
    ]
}