{
    "Loss": [
        13567.7763671875,
        16656.140625
    ],
    "Returns": [
        -1062.0,
        -810.2000122070312,
        -876.5999755859375,
        -970.5999755859375,
        -1026.800048828125,
        -887.5999755859375,
        -1040.0999755859375,
        -1094.0999755859375,
        -1102.300048828125,
        -1013.4000244140625,
        -1048.300048828125,
        -913.2000122070312,
        -1020.2000122070312,
        -1007.7999877929688,
        -971.0999755859375,
        -1063.4000244140625,
        -958.5999755859375,
        -1091.800048828125,
        -999.0,
        -1058.5999755859375,
        -974.5999755859375,
        -1034.9000244140625,
        -1065.4000244140625,
        -1008.9000244140625,
        -1036.5999755859375,
        -1029.0,
        -1032.5,
        -1050.699951171875,
        -1170.9000244140625,
        -1064.300048828125,
        -934.5999755859375,
        -1031.699951171875
    ]
}