{
    "Loss": [
        -308190609408.0,
        -320191234048.0,
        -395937513472.0,
        -401640718336.0,
        -483952164864.0,
        -443938635776.0
    ],
    "Returns": [
        -296.1000061035156,
        -296.760009765625,
        -281.4599914550781,
        -297.4200134277344,
        -286.9800109863281,
        -254.16000366210938,
        -285.3599853515625,
        -249.83999633789062,
        -288.8399963378906,
        -262.1400146484375,
        -231.05999755859375,
        -279.8999938964844,
        -254.16000366210938,
        -296.8800048828125,
        -237.4199981689453,
        -231.05999755859375,
        -236.10000610351562,
        -285.3599853515625,
        -292.1400146484375,
        -297.6000061035156,
        -254.16000366210938,
        -297.0,
        -296.8800048828125,
        -297.0,
        -281.4599914550781,
        -293.70001220703125,
        -236.8800048828125,
        -293.70001220703125,
        -293.6400146484375,
        -268.79998779296875,
        -188.75999450683594,
        -288.8399963378906,
        -285.3599853515625,
        -254.16000366210938,
        -279.8999938964844,
        -292.1400146484375,
        -217.1999969482422,
        -293.70001220703125,
        -279.8999938964844,
        -249.83999633789062,
        -279.8999938964844,
        -297.0,
        -279.8999938964844,
        -293.70001220703125,
        -288.8399963378906,
        -296.1000061035156,
        -252.77999877929688,
        -279.8999938964844,
        -297.4200134277344,
        -297.6000061035156,
        -254.16000366210938,
        -297.0,
        -268.79998779296875,
        -231.05999755859375,
        -285.3599853515625,
        -249.83999633789062,
        -293.6400146484375,
        -217.1999969482422,
        -231.05999755859375,
        -296.8800048828125,
        -296.760009765625,
        -279.8999938964844,
        -188.75999450683594,
        -231.05999755859375,
        -279.8999938964844,
        -249.83999633789062,
        -285.3599853515625,
        -236.10000610351562,
        -297.6000061035156,
        -292.260009765625,
        -231.05999755859375,
        -296.8800048828125,
        -285.17999267578125,
        -279.8999938964844,
        -296.70001220703125,
        -262.1400146484375,
        -296.8800048828125,
        -249.83999633789062,
        -296.1000061035156,
        -279.8999938964844,
        -217.1999969482422,
        -296.760009765625,
        -237.4199981689453,
        -231.05999755859375,
        -294.05999755859375,
        -295.20001220703125,
        -279.8999938964844,
        -287.4599914550781,
        -262.1400146484375,
        -285.3599853515625,
        -294.05999755859375,
        -222.24000549316406,
        -287.4599914550781,
        -268.79998779296875,
        -293.6400146484375,
        -292.260009765625,
        -285.17999267578125,
        -296.8800048828125,
        -289.260009765625,
        -249.83999633789062,
        -293.6400146484375,
        -292.1400146484375,
        -236.8800048828125,
        -296.760009765625,
        -285.17999267578125,
        -292.1400146484375,
        -231.05999755859375,
        -296.760009765625,
        -296.760009765625,
        -285.17999267578125,
        -286.9800109863281,
        -295.20001220703125,
        -285.3599853515625,
        -236.10000610351562,
        -231.05999755859375,
        -281.4599914550781,
        -293.70001220703125,
        -295.0799865722656,
        -289.260009765625,
        -287.4599914550781,
        -231.05999755859375,
        -254.16000366210938,
        -289.260009765625,
        -293.6400146484375,
        -296.8800048828125,
        -292.1400146484375,
        -231.05999755859375,
        -289.260009765625,
        -268.79998779296875,
        -292.1400146484375,
        -293.70001220703125,
        -285.3599853515625,
        -297.0,
        -296.760009765625,
        -296.760009765625,
        -222.24000549316406,
        -285.17999267578125,
        -236.8800048828125,
        -293.6400146484375,
        -285.3599853515625,
        -231.05999755859375,
        -297.6000061035156,
        -188.75999450683594,
        -279.8999938964844,
        -237.4199981689453,
        -297.4200134277344,
        -254.16000366210938,
        -291.3599853515625,
        -286.9800109863281,
        -296.70001220703125,
        -249.83999633789062,
        -294.05999755859375,
        -296.1000061035156,
        -289.260009765625,
        -286.9800109863281,
        -286.9800109863281,
        -285.17999267578125,
        -287.4599914550781,
        -297.0,
        -236.8800048828125
    ]
}