{
    "Loss": [
        67987.890625
    ],
    "Returns": [
        -293.6400146484375,
        -188.75999450683594,
        -289.260009765625,
        -293.6400146484375,
        -268.79998779296875,
        -295.20001220703125,
        -254.16000366210938,
        -291.3599853515625,
        -217.1999969482422,
        -292.260009765625,
        -279.8999938964844,
        -188.75999450683594,
        -288.8399963378906,
        -236.10000610351562,
        -249.83999633789062,
        -296.8800048828125
    ]
}