{
    "Loss": [
        3899.462890625,
        69656.4921875
    ],
    "Returns": [
        -471.8999938964844,
        -408.29998779296875,
        -475.0,
        -424.70001220703125,
        -442.5,
        -365.8999938964844,
        -397.5,
        -445.3999938964844,
        -444.5,
        -454.0,
        -425.20001220703125,
        -304.8999938964844,
        -394.29998779296875,
        -384.0,
        -341.6000061035156,
        -331.3999938964844,
        -437.70001220703125,
        -334.0,
        -463.3999938964844,
        -354.0,
        -357.1000061035156,
        -334.6000061035156,
        -486.5,
        -379.79998779296875,
        -372.29998779296875,
        -472.79998779296875,
        -467.79998779296875,
        -474.3999938964844,
        -440.5,
        -436.70001220703125,
        -367.0,
        -373.79998779296875
    ]
}