{
    "Loss": [
        12598.451171875,
        14788.677734375,
        12986.52734375,
        12633.46875,
        11711.76953125,
        19494.80078125,
        14264.96875,
        21032.298828125,
        19766.642578125,
        8671.6416015625
    ],
    "Returns": [
        -1024.9000244140625,
        -1071.800048828125,
        -972.5,
        -961.9000244140625,
        -981.0999755859375,
        -931.4000244140625,
        -931.2000122070312,
        -998.7999877929688,
        -1025.199951171875,
        -989.5,
        -1045.5999755859375,
        -955.7000122070312,
        -1020.5,
        -1036.0999755859375,
        -931.0,
        -850.0,
        -945.2000122070312,
        -1106.0999755859375,
        -1052.800048828125,
        -1028.300048828125,
        -1005.0999755859375,
        -938.2000122070312,
        -755.7000122070312,
        -986.5,
        -1052.199951171875,
        -1082.5999755859375,
        -1070.300048828125,
        -993.7999877929688,
        -1119.0999755859375,
        -925.5999755859375,
        -1086.9000244140625,
        -900.7999877929688,
        -984.5,
        -1043.199951171875,
        -1051.9000244140625,
        -1035.5999755859375,
        -1042.699951171875,
        -1024.199951171875,
        -1016.9000244140625,
        -1006.2000122070312,
        -970.0999755859375,
        -997.0999755859375,
        -1037.5999755859375,
        -971.4000244140625,
        -955.7000122070312,
        -1076.0999755859375,
        -1049.699951171875,
        -1061.9000244140625,
        -1005.9000244140625,
        -1026.4000244140625,
        -1103.5,
        -1017.7999877929688,
        -921.7999877929688,
        -906.2999877929688,
        -951.0999755859375,
        -1000.7000122070312,
        -935.2999877929688,
        -1070.800048828125,
        -869.4000244140625,
        -967.7999877929688,
        -947.5,
        -1097.300048828125,
        -1030.0,
        -1110.5,
        -931.2000122070312,
        -1043.300048828125,
        -922.5,
        -1012.2999877929688,
        -994.5999755859375,
        -1072.5999755859375,
        -1002.7999877929688,
        -916.5,
        -920.9000244140625,
        -1036.9000244140625,
        -895.0,
        -973.5,
        -953.0,
        -1015.5999755859375,
        -998.7999877929688,
        -961.5999755859375,
        -1003.5,
        -1142.9000244140625,
        -953.9000244140625,
        -1007.5999755859375,
        -997.2999877929688,
        -938.2999877929688,
        -992.7999877929688,
        -978.5,
        -1029.5999755859375,
        -993.5999755859375,
        -956.0,
        -1016.2000122070312,
        -1037.0999755859375,
        -1029.300048828125,
        -943.7999877929688,
        -952.5,
        -1008.9000244140625,
        -965.7000122070312,
        -1031.5,
        -930.5999755859375,
        -984.4000244140625,
        -1090.5,
        -1051.300048828125,
        -908.5999755859375,
        -1065.300048828125,
        -955.2000122070312,
        -1039.800048828125,
        -989.0999755859375,
        -1008.0,
        -1057.4000244140625,
        -1117.0,
        -1094.4000244140625,
        -975.2999877929688,
        -1058.5999755859375,
        -1106.5,
        -1029.699951171875,
        -1084.0,
        -983.5999755859375,
        -998.4000244140625,
        -970.0,
        -962.9000244140625,
        -938.7000122070312,
        -984.7999877929688,
        -983.5999755859375,
        -1056.0,
        -931.5999755859375,
        -913.0999755859375,
        -1046.4000244140625,
        -993.0999755859375,
        -884.0999755859375,
        -989.9000244140625,
        -915.7999877929688,
        -1029.699951171875,
        -1089.800048828125,
        -950.2999877929688,
        -1061.300048828125,
        -981.5999755859375,
        -1016.4000244140625,
        -1001.4000244140625,
        -966.5,
        -955.7000122070312,
        -1026.0999755859375,
        -960.5999755859375,
        -1031.199951171875,
        -1106.9000244140625,
        -1049.300048828125,
        -884.0,
        -1022.4000244140625,
        -1036.0999755859375,
        -1045.300048828125,
        -1006.2999877929688,
        -980.4000244140625,
        -1047.5999755859375,
        -996.2999877929688,
        -985.5999755859375,
        -951.2000122070312,
        -1048.0999755859375,
        -1049.0,
        -954.9000244140625,
        -1011.0
    ]
}