{
    "Loss": [
        9834.208984375,
        9596.8837890625,
        8373.4033203125
    ],
    "Returns": [
        -626.4000244140625,
        -645.7999877929688,
        -551.4000244140625,
        -502.0,
        -616.4000244140625,
        -605.7999877929688,
        -553.4000244140625,
        -611.7999877929688,
        -893.7999877929688,
        -601.0,
        -590.5999755859375,
        -597.4000244140625,
        -553.5999755859375,
        -598.7999877929688,
        -609.7999877929688,
        -590.5999755859375,
        -716.0,
        -502.6000061035156,
        -547.0,
        -698.2000122070312,
        -763.5999755859375,
        -795.4000244140625,
        -565.2000122070312,
        -644.7999877929688,
        -625.2000122070312,
        -505.79998779296875,
        -508.3999938964844,
        -605.7999877929688,
        -554.4000244140625,
        -568.5999755859375,
        -629.5999755859375,
        -501.20001220703125,
        -718.7999877929688,
        -577.4000244140625,
        -720.2000122070312,
        -582.7999877929688,
        -647.2000122070312,
        -647.7999877929688,
        -543.0,
        -592.0,
        -596.7999877929688,
        -583.2000122070312,
        -635.0,
        -661.5999755859375,
        -635.4000244140625,
        -497.79998779296875,
        -628.0,
        -631.4000244140625
    ]
}