{
    "Loss": [
        5134721482752.0,
        5184095780864.0,
        5809577132032.0,
        5048618188800.0,
        6088351023104.0,
        5933216825344.0,
        5934661763072.0,
        6726032556032.0,
        6360567644160.0,
        7115636736000.0
    ],
    "Returns": [
        -440.79998779296875,
        -481.6000061035156,
        -474.20001220703125,
        -427.5,
        -419.0,
        -447.79998779296875,
        -480.70001220703125,
        -471.5,
        -445.6000061035156,
        -391.6000061035156,
        -391.29998779296875,
        -419.6000061035156,
        -428.79998779296875,
        -411.79998779296875,
        -393.20001220703125,
        -436.1000061035156,
        -456.3999938964844,
        -342.79998779296875,
        -467.3999938964844,
        -442.8999938964844,
        -480.5,
        -428.3999938964844,
        -480.6000061035156,
        -481.0,
        -462.6000061035156,
        -487.79998779296875,
        -352.5,
        -474.6000061035156,
        -453.8999938964844,
        -407.1000061035156,
        -490.8999938964844,
        -368.79998779296875,
        -396.3999938964844,
        -467.20001220703125,
        -364.20001220703125,
        -440.1000061035156,
        -449.29998779296875,
        -436.70001220703125,
        -397.0,
        -373.29998779296875,
        -492.3999938964844,
        -475.79998779296875,
        -381.79998779296875,
        -288.79998779296875,
        -420.8999938964844,
        -486.29998779296875,
        -488.70001220703125,
        -477.29998779296875,
        -410.70001220703125,
        -365.70001220703125,
        -447.5,
        -397.8999938964844,
        -429.20001220703125,
        -392.29998779296875,
        -414.29998779296875,
        -432.5,
        -429.5,
        -331.20001220703125,
        -439.8999938964844,
        -426.29998779296875,
        -368.3999938964844,
        -440.5,
        -462.3999938964844,
        -433.20001220703125,
        -456.6000061035156,
        -480.6000061035156,
        -480.3999938964844,
        -347.8999938964844,
        -358.29998779296875,
        -453.6000061035156,
        -361.3999938964844,
        -445.1000061035156,
        -395.1000061035156,
        -410.1000061035156,
        -444.6000061035156,
        -455.1000061035156,
        -403.3999938964844,
        -336.70001220703125,
        -441.20001220703125,
        -478.70001220703125,
        -449.8999938964844,
        -362.3999938964844,
        -362.5,
        -408.3999938964844,
        -415.20001220703125,
        -446.5,
        -388.79998779296875,
        -401.6000061035156,
        -341.29998779296875,
        -424.70001220703125,
        -457.0,
        -344.5,
        -443.3999938964844,
        -444.29998779296875,
        -398.3999938964844,
        -433.6000061035156,
        -489.0,
        -362.1000061035156,
        -407.5,
        -437.3999938964844,
        -438.29998779296875,
        -393.70001220703125,
        -449.5,
        -358.20001220703125,
        -444.1000061035156,
        -481.79998779296875,
        -407.5,
        -422.5,
        -450.70001220703125,
        -475.8999938964844,
        -462.29998779296875,
        -355.1000061035156,
        -314.6000061035156,
        -295.3999938964844,
        -454.8999938964844,
        -440.0,
        -368.79998779296875,
        -471.5,
        -348.6000061035156,
        -332.20001220703125,
        -439.70001220703125,
        -380.0,
        -329.5,
        -409.29998779296875,
        -389.79998779296875,
        -366.20001220703125,
        -470.5,
        -432.8999938964844,
        -379.0,
        -434.8999938964844,
        -414.0,
        -431.29998779296875,
        -373.1000061035156,
        -355.3999938964844,
        -459.5,
        -334.29998779296875,
        -445.0,
        -464.20001220703125,
        -397.1000061035156,
        -469.5,
        -354.8999938964844,
        -417.79998779296875,
        -335.1000061035156,
        -467.70001220703125,
        -395.79998779296875,
        -372.3999938964844,
        -473.3999938964844,
        -388.5,
        -451.20001220703125,
        -341.5,
        -479.0,
        -450.5,
        -447.3999938964844,
        -481.0,
        -466.0,
        -418.20001220703125,
        -433.5,
        -426.29998779296875,
        -484.79998779296875,
        -412.20001220703125
    ]
}