{
    "Loss": [
        22012018.0
    ],
    "Returns": [
        -422.8999938964844,
        -477.1000061035156,
        -443.1000061035156,
        -428.0,
        -404.8999938964844,
        -444.1000061035156,
        -449.20001220703125,
        -298.6000061035156,
        -476.20001220703125,
        -452.6000061035156,
        -450.5,
        -431.20001220703125,
        -431.6000061035156,
        -456.20001220703125,
        -476.0,
        -408.70001220703125
    ]
}