{
    "Loss": [
        39.958106994628906,
        34.18034362792969,
        39.59796905517578,
        40.46150207519531,
        37.67741012573242,
        44.785892486572266,
        41.65940856933594,
        35.56971740722656,
        35.91041564941406,
        34.14019012451172,
        30.374042510986328,
        32.13064956665039,
        34.88240051269531,
        28.49812126159668,
        35.9593391418457,
        29.219526290893555,
        9340.853515625,
        3732.43701171875,
        7202.796875,
        3809.24365234375,
        5220.24365234375,
        5684.4833984375,
        1880.9447021484375,
        9238.43359375,
        8753.685546875,
        3375.004638671875,
        3801.01708984375,
        3735.746337890625,
        6800.94140625,
        3547.1962890625,
        5249.11181640625,
        3507.488525390625,
        1770.1181640625,
        1959.214111328125,
        1730.3680419921875,
        7122.54052734375,
        1857.71875,
        5740.58544921875
    ],
    "Returns": [
        -1601.4000244140625,
        -1880.4000244140625,
        -1952.4000244140625,
        -1860.5999755859375,
        -1846.0,
        -1773.800048828125,
        -1959.5999755859375,
        -1730.199951171875,
        -1772.5999755859375,
        -1951.5999755859375,
        -1773.5999755859375,
        -1852.199951171875,
        -1696.5999755859375,
        -1702.0,
        -1777.199951171875,
        -1775.4000244140625,
        -2001.0,
        -1672.800048828125,
        -1792.800048828125,
        -1948.800048828125,
        -1925.5999755859375,
        -1821.4000244140625,
        -1961.4000244140625,
        -1925.5999755859375,
        -1755.800048828125,
        -1761.199951171875,
        -1770.800048828125,
        -1900.199951171875,
        -1661.4000244140625,
        -1760.4000244140625,
        -1867.0,
        -1900.0
    ]
}