{
    "Loss": [
        -879.5224609375,
        -1109.259521484375,
        -961.33642578125,
        -1203.1898193359375,
        -1345.226318359375,
        -1251.0042724609375,
        -1252.0623779296875,
        -1537.113525390625,
        -1483.0711669921875,
        -1389.605224609375,
        -1898.605712890625,
        -1682.89306640625,
        -1694.8486328125,
        -1577.468994140625,
        -2018.9903564453125,
        -2196.65576171875,
        -356.3360595703125
    ],
    "Returns": [
        -483.20001220703125,
        -529.7999877929688,
        -591.4000244140625,
        -643.4000244140625,
        -574.7999877929688,
        -447.79998779296875,
        -728.7999877929688,
        -553.5999755859375,
        -573.2000122070312,
        -490.20001220703125,
        -667.5999755859375,
        -603.4000244140625,
        -628.0,
        -594.5999755859375,
        -611.5999755859375,
        -726.7999877929688
    ]
}