{
    "Loss": [
        2.666390464147489e+18
    ],
    "Returns": [
        -424.3999938964844,
        -437.5,
        -453.29998779296875,
        -438.1000061035156,
        -398.29998779296875,
        -400.3999938964844,
        -381.8999938964844,
        -421.8999938964844,
        -479.20001220703125,
        -357.79998779296875,
        -428.29998779296875,
        -477.3999938964844,
        -293.79998779296875,
        -372.6000061035156,
        -384.79998779296875,
        -429.0
    ]
}