{
    "Loss": [
        15259.6123046875,
        15780.36328125
    ],
    "Returns": [
        -410.70001220703125,
        -388.6000061035156,
        -384.1000061035156,
        -316.3999938964844,
        -376.1000061035156,
        -381.0,
        -375.8999938964844,
        -379.6000061035156,
        -392.79998779296875,
        -327.29998779296875,
        -356.5,
        -379.1000061035156,
        -279.3999938964844,
        -363.6000061035156,
        -275.5,
        -421.3999938964844,
        -350.70001220703125,
        -418.29998779296875,
        -387.29998779296875,
        -393.70001220703125,
        -385.20001220703125,
        -377.0,
        -345.79998779296875,
        -381.70001220703125,
        -392.0,
        -394.79998779296875,
        -386.1000061035156,
        -415.0,
        -399.70001220703125,
        -374.70001220703125,
        -390.8999938964844,
        -388.3999938964844
    ]
}