{
    "Loss": [
        654353.9375,
        636247.8125,
        690347.75,
        671866.9375,
        743850.75,
        799209.375,
        623609.8125,
        733952.9375,
        634019.4375,
        645822.375
    ],
    "Returns": [
        -450.0,
        -481.0,
        -334.1000061035156,
        -341.29998779296875,
        -474.1000061035156,
        -460.1000061035156,
        -314.29998779296875,
        -396.79998779296875,
        -447.6000061035156,
        -463.29998779296875,
        -473.70001220703125,
        -444.6000061035156,
        -410.8999938964844,
        -298.6000061035156,
        -448.20001220703125,
        -354.29998779296875,
        -448.20001220703125,
        -391.0,
        -443.20001220703125,
        -371.70001220703125,
        -442.29998779296875,
        -439.6000061035156,
        -399.70001220703125,
        -444.3999938964844,
        -454.1000061035156,
        -400.1000061035156,
        -442.0,
        -409.29998779296875,
        -417.0,
        -455.20001220703125,
        -398.1000061035156,
        -432.0,
        -362.5,
        -342.3999938964844,
        -361.0,
        -365.70001220703125,
        -356.20001220703125,
        -358.6000061035156,
        -298.1000061035156,
        -365.5,
        -363.3999938964844,
        -327.8999938964844,
        -364.5,
        -358.70001220703125,
        -364.29998779296875,
        -365.70001220703125,
        -360.8999938964844,
        -358.6000061035156,
        -322.6000061035156,
        -322.6000061035156,
        -322.6000061035156,
        -322.6000061035156,
        -322.6000061035156,
        -322.6000061035156,
        -322.6000061035156,
        -322.6000061035156,
        -322.6000061035156,
        -322.6000061035156,
        -322.6000061035156,
        -322.6000061035156,
        -322.6000061035156,
        -322.6000061035156,
        -322.6000061035156,
        -322.6000061035156,
        -322.6000061035156,
        -322.6000061035156,
        -322.6000061035156,
        -322.6000061035156,
        -322.6000061035156,
        -322.6000061035156,
        -322.6000061035156,
        -322.6000061035156,
        -322.6000061035156,
        -322.6000061035156,
        -322.6000061035156,
        -322.6000061035156,
        -322.6000061035156,
        -322.6000061035156,
        -322.6000061035156,
        -322.6000061035156,
        -322.6000061035156,
        -322.6000061035156,
        -322.6000061035156,
        -322.6000061035156,
        -322.6000061035156,
        -322.6000061035156,
        -322.6000061035156,
        -322.6000061035156,
        -322.6000061035156,
        -322.6000061035156,
        -322.6000061035156,
        -322.6000061035156,
        -322.6000061035156,
        -322.6000061035156,
        -322.6000061035156,
        -322.6000061035156,
        -322.6000061035156,
        -322.6000061035156,
        -322.6000061035156,
        -322.6000061035156,
        -322.6000061035156,
        -322.6000061035156,
        -322.6000061035156,
        -322.6000061035156,
        -322.6000061035156,
        -322.6000061035156,
        -322.6000061035156,
        -322.6000061035156,
        -322.6000061035156,
        -322.6000061035156,
        -322.6000061035156,
        -322.6000061035156,
        -322.6000061035156,
        -322.6000061035156,
        -322.6000061035156,
        -322.6000061035156,
        -322.6000061035156,
        -322.6000061035156,
        -322.6000061035156,
        -322.6000061035156,
        -322.6000061035156,
        -322.6000061035156,
        -322.6000061035156,
        -322.6000061035156,
        -322.6000061035156,
        -322.6000061035156,
        -322.6000061035156,
        -322.6000061035156,
        -322.6000061035156,
        -322.6000061035156,
        -322.6000061035156,
        -322.6000061035156,
        -322.6000061035156,
        -322.6000061035156,
        -322.6000061035156,
        -322.6000061035156,
        -322.6000061035156,
        -322.6000061035156,
        -322.6000061035156,
        -322.6000061035156,
        -322.6000061035156,
        -322.6000061035156,
        -322.6000061035156,
        -322.6000061035156,
        -340.5,
        -373.70001220703125,
        -368.70001220703125,
        -346.6000061035156,
        -307.20001220703125,
        -353.29998779296875,
        -357.0,
        -363.29998779296875,
        -327.6000061035156,
        -369.3999938964844,
        -361.6000061035156,
        -366.6000061035156,
        -342.79998779296875,
        -336.5,
        -368.70001220703125,
        -332.3999938964844
    ]
}