{
    "Loss": [
        -108.23371124267578,
        -98.57069396972656,
        -186.4584197998047,
        -33.57040023803711,
        -136.01512145996094,
        -66.79862213134766,
        -36.37157440185547,
        -98.68425750732422,
        -164.3699493408203,
        -73.6959228515625,
        -100.08932495117188,
        -131.24139404296875,
        -48.21343231201172,
        -128.2170867919922,
        -140.57626342773438,
        -74.54008483886719,
        -51.082298278808594
    ],
    "Returns": [
        -594.7999877929688,
        -576.7999877929688,
        -601.4000244140625,
        -497.79998779296875,
        -581.5999755859375,
        -579.5999755859375,
        -631.2000122070312,
        -627.4000244140625,
        -707.5999755859375,
        -535.5999755859375,
        -692.5999755859375,
        -578.4000244140625,
        -673.4000244140625,
        -751.2000122070312,
        -548.2000122070312,
        -506.20001220703125
    ]
}