{
    "Loss": [
        246165.8125,
        599537.9375,
        106580.25,
        19964.220703125,
        277055.71875,
        175494.3125,
        72025.2734375,
        116902.390625,
        157111.015625,
        168911.5625
    ],
    "Returns": [
        -294.05999755859375,
        -296.760009765625,
        -262.1400146484375,
        -279.8999938964844,
        -294.05999755859375,
        -289.260009765625,
        -295.20001220703125,
        -252.77999877929688,
        -222.24000549316406,
        -268.79998779296875,
        -285.17999267578125,
        -279.8999938964844,
        -281.4599914550781,
        -252.77999877929688,
        -236.8800048828125,
        -293.70001220703125,
        -296.8800048828125,
        -236.8800048828125,
        -296.70001220703125,
        -285.17999267578125,
        -289.260009765625,
        -297.6000061035156,
        -279.8999938964844,
        -217.1999969482422,
        -279.8999938964844,
        -296.70001220703125,
        -294.05999755859375,
        -296.70001220703125,
        -292.1400146484375,
        -236.8800048828125,
        -295.20001220703125,
        -293.6400146484375,
        -222.24000549316406,
        -295.0799865722656,
        -285.17999267578125,
        -188.75999450683594,
        -231.05999755859375,
        -231.05999755859375,
        -217.1999969482422,
        -262.1400146484375,
        -292.260009765625,
        -281.4599914550781,
        -296.1000061035156,
        -281.4599914550781,
        -279.8999938964844,
        -296.70001220703125,
        -292.260009765625,
        -297.6000061035156,
        -236.10000610351562,
        -279.8999938964844,
        -231.05999755859375,
        -222.24000549316406,
        -254.16000366210938,
        -231.05999755859375,
        -296.70001220703125,
        -285.17999267578125,
        -252.77999877929688,
        -252.77999877929688,
        -295.20001220703125,
        -286.9800109863281,
        -188.75999450683594,
        -292.1400146484375,
        -297.0,
        -231.05999755859375,
        -285.17999267578125,
        -297.0,
        -296.8800048828125,
        -254.16000366210938,
        -292.260009765625,
        -296.8800048828125,
        -288.8399963378906,
        -291.3599853515625,
        -237.4199981689453,
        -217.1999969482422,
        -217.1999969482422,
        -279.8999938964844,
        -252.77999877929688,
        -279.8999938964844,
        -286.9800109863281,
        -296.70001220703125,
        -297.4200134277344,
        -294.05999755859375,
        -222.24000549316406,
        -287.4599914550781,
        -279.8999938964844,
        -222.24000549316406,
        -254.16000366210938,
        -254.16000366210938,
        -222.24000549316406,
        -297.6000061035156,
        -249.83999633789062,
        -252.77999877929688,
        -279.8999938964844,
        -297.4200134277344,
        -297.6000061035156,
        -297.0,
        -297.4200134277344,
        -217.1999969482422,
        -188.75999450683594,
        -236.10000610351562,
        -292.1400146484375,
        -288.8399963378906,
        -294.05999755859375,
        -222.24000549316406,
        -292.1400146484375,
        -285.17999267578125,
        -292.260009765625,
        -297.4200134277344,
        -294.05999755859375,
        -236.8800048828125,
        -291.3599853515625,
        -254.16000366210938,
        -296.8800048828125,
        -288.8399963378906,
        -296.1000061035156,
        -279.8999938964844,
        -293.6400146484375,
        -254.16000366210938,
        -296.1000061035156,
        -236.10000610351562,
        -295.0799865722656,
        -281.4599914550781,
        -286.9800109863281,
        -217.1999969482422,
        -285.3599853515625,
        -237.4199981689453,
        -237.4199981689453,
        -287.4599914550781,
        -291.3599853515625,
        -287.4599914550781,
        -295.0799865722656,
        -285.17999267578125,
        -288.8399963378906,
        -297.6000061035156,
        -292.1400146484375,
        -292.1400146484375,
        -254.16000366210938,
        -295.20001220703125,
        -188.75999450683594,
        -188.75999450683594,
        -236.10000610351562,
        -279.8999938964844,
        -291.3599853515625,
        -217.1999969482422,
        -296.1000061035156,
        -296.8800048828125,
        -262.1400146484375,
        -279.8999938964844,
        -297.0,
        -279.8999938964844,
        -262.1400146484375,
        -293.70001220703125,
        -296.1000061035156,
        -236.10000610351562,
        -236.8800048828125,
        -293.70001220703125,
        -297.4200134277344,
        -288.8399963378906,
        -289.260009765625,
        -279.8999938964844
    ]
}