{
    "Loss": [
        -294.14697265625,
        48782352.0
    ],
    "Returns": [
        -922.4000244140625,
        -906.5999755859375,
        -904.5999755859375,
        -957.4000244140625,
        -950.7999877929688,
        -944.7999877929688,
        -945.2000122070312,
        -925.5999755859375,
        -950.4000244140625,
        -943.2000122070312,
        -942.7999877929688,
        -961.5999755859375,
        -863.5999755859375,
        -880.4000244140625,
        -960.2000122070312,
        -909.7999877929688
    ]
}