{
    "Loss": [
        1.9019511566455276e+18,
        4.95680512620023e+18,
        6.257073283556966e+18,
        6.941046481847583e+18,
        8.773169304280498e+18,
        1.1198104815945122e+19,
        1.0149197111325884e+19,
        1.248777258169847e+19,
        1.2700691908905665e+19,
        1.3941742569013641e+19
    ],
    "Returns": [
        -399.6000061035156,
        -458.1000061035156,
        -327.79998779296875,
        -482.6000061035156,
        -328.20001220703125,
        -463.1000061035156,
        -415.5,
        -388.5,
        -404.6000061035156,
        -459.5,
        -448.6000061035156,
        -361.6000061035156,
        -407.6000061035156,
        -378.6000061035156,
        -388.29998779296875,
        -446.79998779296875,
        -400.20001220703125,
        -394.8999938964844,
        -443.0,
        -460.29998779296875,
        -301.20001220703125,
        -437.5,
        -476.29998779296875,
        -376.29998779296875,
        -399.29998779296875,
        -309.0,
        -455.8999938964844,
        -408.1000061035156,
        -466.3999938964844,
        -461.29998779296875,
        -336.29998779296875,
        -404.6000061035156,
        -455.3999938964844,
        -306.8999938964844,
        -483.29998779296875,
        -432.5,
        -303.6000061035156,
        -377.70001220703125,
        -422.70001220703125,
        -444.79998779296875,
        -361.0,
        -439.1000061035156,
        -420.6000061035156,
        -396.6000061035156,
        -416.6000061035156,
        -318.8999938964844,
        -427.20001220703125,
        -420.79998779296875,
        -390.3999938964844,
        -460.3999938964844,
        -220.89999389648438,
        -398.1000061035156,
        -449.79998779296875,
        -398.0,
        -462.29998779296875,
        -383.0,
        -459.3999938964844,
        -421.20001220703125,
        -409.1000061035156,
        -427.20001220703125,
        -422.3999938964844,
        -396.8999938964844,
        -327.5,
        -424.1000061035156,
        -426.20001220703125,
        -360.0,
        -465.20001220703125,
        -441.5,
        -428.79998779296875,
        -397.3999938964844,
        -443.29998779296875,
        -463.1000061035156,
        -476.8999938964844,
        -466.3999938964844,
        -408.6000061035156,
        -460.5,
        -420.1000061035156,
        -342.5,
        -379.0,
        -471.5,
        -458.20001220703125,
        -439.70001220703125,
        -357.5,
        -487.79998779296875,
        -438.6000061035156,
        -485.0,
        -357.29998779296875,
        -389.6000061035156,
        -389.70001220703125,
        -308.0,
        -459.0,
        -332.70001220703125,
        -441.1000061035156,
        -440.1000061035156,
        -456.20001220703125,
        -434.20001220703125,
        -263.8999938964844,
        -450.29998779296875,
        -440.79998779296875,
        -368.6000061035156,
        -390.20001220703125,
        -455.0,
        -436.8999938964844,
        -363.5,
        -420.1000061035156,
        -439.8999938964844,
        -350.70001220703125,
        -459.70001220703125,
        -419.20001220703125,
        -442.0,
        -449.20001220703125,
        -344.20001220703125,
        -445.70001220703125,
        -270.20001220703125,
        -428.79998779296875,
        -450.0,
        -446.79998779296875,
        -452.3999938964844,
        -410.3999938964844,
        -422.0,
        -462.6000061035156,
        -441.29998779296875,
        -309.20001220703125,
        -415.0,
        -459.8999938964844,
        -323.70001220703125,
        -459.6000061035156,
        -356.1000061035156,
        -394.8999938964844,
        -348.5,
        -459.79998779296875,
        -468.3999938964844,
        -426.20001220703125,
        -474.79998779296875,
        -464.6000061035156,
        -472.5,
        -477.3999938964844,
        -484.3999938964844,
        -473.6000061035156,
        -397.5,
        -346.29998779296875,
        -316.8999938964844,
        -389.0,
        -446.3999938964844,
        -271.8999938964844,
        -467.70001220703125,
        -472.8999938964844,
        -470.6000061035156,
        -352.79998779296875,
        -453.70001220703125,
        -482.8999938964844,
        -452.79998779296875,
        -367.3999938964844,
        -446.3999938964844,
        -489.5,
        -459.0,
        -392.5,
        -431.1000061035156,
        -362.5,
        -469.1000061035156
    ]
}