{
    "Loss": [
        174497.109375,
        15569.9638671875,
        9110.064453125,
        691.2431640625,
        4960.134765625,
        76109.84375,
        4998.58642578125,
        87008.4375,
        34695.609375,
        2459.9033203125
    ],
    "Returns": [
        -237.4199981689453,
        -285.3599853515625,
        -252.77999877929688,
        -291.3599853515625,
        -217.1999969482422,
        -289.260009765625,
        -262.1400146484375,
        -188.75999450683594,
        -231.05999755859375,
        -297.0,
        -292.1400146484375,
        -237.4199981689453,
        -296.1000061035156,
        -296.1000061035156,
        -279.8999938964844,
        -268.79998779296875,
        -231.05999755859375,
        -297.6000061035156,
        -268.79998779296875,
        -236.8800048828125,
        -268.79998779296875,
        -236.8800048828125,
        -297.0,
        -281.4599914550781,
        -252.77999877929688,
        -279.8999938964844,
        -188.75999450683594,
        -292.260009765625,
        -296.70001220703125,
        -254.16000366210938,
        -252.77999877929688,
        -289.260009765625,
        -291.3599853515625,
        -296.1000061035156,
        -231.05999755859375,
        -279.8999938964844,
        -285.3599853515625,
        -281.4599914550781,
        -237.4199981689453,
        -268.79998779296875,
        -237.4199981689453,
        -217.1999969482422,
        -296.760009765625,
        -236.10000610351562,
        -279.8999938964844,
        -292.1400146484375,
        -287.4599914550781,
        -279.8999938964844,
        -295.0799865722656,
        -285.17999267578125,
        -285.17999267578125,
        -296.1000061035156,
        -296.8800048828125,
        -279.8999938964844,
        -236.10000610351562,
        -293.6400146484375,
        -222.24000549316406,
        -288.8399963378906,
        -262.1400146484375,
        -268.79998779296875,
        -285.3599853515625,
        -217.1999969482422,
        -281.4599914550781,
        -292.260009765625,
        -291.3599853515625,
        -292.260009765625,
        -295.20001220703125,
        -268.79998779296875,
        -281.4599914550781,
        -254.16000366210938,
        -236.10000610351562,
        -288.8399963378906,
        -289.260009765625,
        -296.760009765625,
        -296.8800048828125,
        -288.8399963378906,
        -297.4200134277344,
        -262.1400146484375,
        -296.70001220703125,
        -295.20001220703125,
        -188.75999450683594,
        -188.75999450683594,
        -295.0799865722656,
        -293.70001220703125,
        -231.05999755859375,
        -279.8999938964844,
        -262.1400146484375,
        -188.75999450683594,
        -291.3599853515625,
        -188.75999450683594,
        -296.8800048828125,
        -297.0,
        -293.70001220703125,
        -262.1400146484375,
        -268.79998779296875,
        -293.6400146484375,
        -297.4200134277344,
        -296.8800048828125,
        -286.9800109863281,
        -262.1400146484375,
        -296.760009765625,
        -188.75999450683594,
        -281.4599914550781,
        -236.8800048828125,
        -288.8399963378906,
        -293.6400146484375,
        -231.05999755859375,
        -249.83999633789062,
        -252.77999877929688,
        -222.24000549316406,
        -295.0799865722656,
        -236.10000610351562,
        -289.260009765625,
        -285.17999267578125,
        -217.1999969482422,
        -297.6000061035156,
        -286.9800109863281,
        -289.260009765625,
        -279.8999938964844,
        -231.05999755859375,
        -296.8800048828125,
        -287.4599914550781,
        -295.20001220703125,
        -295.20001220703125,
        -252.77999877929688,
        -295.20001220703125,
        -237.4199981689453,
        -285.3599853515625,
        -293.70001220703125,
        -222.24000549316406,
        -292.1400146484375,
        -291.3599853515625,
        -289.260009765625,
        -296.760009765625,
        -217.1999969482422,
        -254.16000366210938,
        -297.6000061035156,
        -249.83999633789062,
        -297.0,
        -296.70001220703125,
        -296.8800048828125,
        -296.8800048828125,
        -249.83999633789062,
        -262.1400146484375,
        -296.8800048828125,
        -268.79998779296875,
        -295.20001220703125,
        -281.4599914550781,
        -188.75999450683594,
        -222.24000549316406,
        -281.4599914550781,
        -297.6000061035156,
        -292.1400146484375,
        -294.05999755859375,
        -295.0799865722656,
        -293.70001220703125,
        -252.77999877929688,
        -287.4599914550781,
        -286.9800109863281,
        -295.20001220703125
    ]
}