{
    "Loss": [
        5699801.0,
        5519140.0,
        5510365.0,
        5516553.0,
        5675615.5,
        5485103.0,
        5608244.0,
        5455125.5,
        5335243.5,
        5504462.0,
        5495507.0,
        5508100.0,
        5385968.0,
        5379109.5,
        5229474.5,
        5270940.5,
        5034318.0,
        5021186.0,
        5167691.5,
        5609875.0
    ],
    "Returns": [
        -949.4000244140625,
        -793.4000244140625,
        -711.5999755859375,
        -925.2000122070312,
        -840.2000122070312,
        -912.2000122070312,
        -877.5999755859375,
        -938.2000122070312,
        -874.4000244140625,
        -916.5999755859375,
        -938.4000244140625,
        -932.2000122070312,
        -845.4000244140625,
        -933.4000244140625,
        -941.5999755859375,
        -936.4000244140625,
        -760.4000244140625,
        -791.7999877929688,
        -819.5999755859375,
        -820.4000244140625,
        -773.4000244140625,
        -823.5999755859375,
        -807.4000244140625,
        -792.5999755859375,
        -801.2000122070312,
        -658.4000244140625,
        -832.5999755859375,
        -841.7999877929688,
        -619.0,
        -642.2000122070312,
        -742.2000122070312,
        -767.4000244140625,
        -558.7999877929688,
        -551.5999755859375,
        -570.0,
        -558.7999877929688,
        -567.4000244140625,
        -572.7999877929688,
        -576.0,
        -571.4000244140625,
        -570.5999755859375,
        -550.2000122070312,
        -573.5999755859375,
        -568.2000122070312,
        -569.5999755859375,
        -569.2000122070312,
        -571.5999755859375,
        -563.4000244140625,
        -567.2000122070312,
        -574.5999755859375,
        -589.0,
        -564.2000122070312,
        -570.2000122070312,
        -587.0,
        -591.0,
        -580.4000244140625,
        -575.5999755859375,
        -577.2000122070312,
        -585.0,
        -578.7999877929688,
        -576.0,
        -575.0,
        -544.7999877929688,
        -576.7999877929688,
        -568.7999877929688,
        -563.4000244140625,
        -570.2000122070312,
        -566.7999877929688,
        -567.4000244140625,
        -567.4000244140625,
        -565.7999877929688,
        -566.5999755859375,
        -574.2000122070312,
        -567.4000244140625,
        -574.4000244140625,
        -567.0,
        -571.4000244140625,
        -568.2000122070312,
        -569.0,
        -562.7999877929688,
        -542.5999755859375,
        -537.4000244140625,
        -546.0,
        -547.2000122070312,
        -543.2000122070312,
        -547.4000244140625,
        -538.5999755859375,
        -546.5999755859375,
        -546.4000244140625,
        -546.5999755859375,
        -543.2000122070312,
        -547.5999755859375,
        -545.2000122070312,
        -546.2000122070312,
        -546.2000122070312,
        -524.0,
        -546.2000122070312,
        -547.7999877929688,
        -547.7999877929688,
        -548.0,
        -548.0,
        -546.4000244140625,
        -546.2000122070312,
        -544.0,
        -546.0,
        -524.5999755859375,
        -544.7999877929688,
        -547.5999755859375,
        -544.4000244140625,
        -547.5999755859375,
        -543.2000122070312,
        -547.0,
        -548.0,
        -545.0,
        -546.5999755859375,
        -547.5999755859375,
        -548.0,
        -546.5999755859375,
        -547.7999877929688,
        -547.5999755859375,
        -548.0,
        -547.5999755859375,
        -548.0,
        -548.0,
        -547.7999877929688,
        -548.0,
        -546.7999877929688,
        -547.5999755859375,
        -546.4000244140625,
        -546.5999755859375,
        -548.0,
        -547.7999877929688,
        -546.2000122070312,
        -547.2000122070312,
        -547.5999755859375,
        -548.0,
        -544.7999877929688,
        -547.5999755859375,
        -547.5999755859375,
        -548.0,
        -548.0,
        -548.0,
        -548.0,
        -544.4000244140625,
        -546.2000122070312,
        -547.5999755859375,
        -547.4000244140625,
        -548.0,
        -548.0,
        -547.7999877929688,
        -546.2000122070312,
        -547.5999755859375,
        -547.2000122070312,
        -545.0,
        -547.5999755859375,
        -542.5999755859375,
        -547.7999877929688,
        -547.0,
        -547.5999755859375,
        -547.0,
        -542.0,
        -542.0,
        -542.0,
        -542.0,
        -542.0,
        -542.0,
        -542.0,
        -542.0,
        -542.0,
        -542.0,
        -542.0,
        -542.0,
        -542.0,
        -542.0,
        -542.0,
        -542.0,
        -546.5999755859375,
        -547.4000244140625,
        -548.0,
        -547.2000122070312,
        -545.5999755859375,
        -545.2000122070312,
        -544.7999877929688,
        -525.2000122070312,
        -547.5999755859375,
        -524.7999877929688,
        -546.0,
        -548.0,
        -546.4000244140625,
        -521.2000122070312,
        -537.2000122070312,
        -544.5999755859375,
        -542.0,
        -542.0,
        -542.0,
        -542.0,
        -542.0,
        -542.0,
        -542.0,
        -542.0,
        -542.0,
        -542.0,
        -542.0,
        -542.0,
        -542.0,
        -542.0,
        -542.0,
        -542.0,
        -548.0,
        -547.4000244140625,
        -547.5999755859375,
        -542.0,
        -547.2000122070312,
        -547.2000122070312,
        -545.7999877929688,
        -545.0,
        -547.4000244140625,
        -547.2000122070312,
        -546.5999755859375,
        -547.2000122070312,
        -544.4000244140625,
        -547.5999755859375,
        -545.5999755859375,
        -547.5999755859375,
        -547.5999755859375,
        -546.2000122070312,
        -540.0,
        -546.2000122070312,
        -547.2000122070312,
        -543.4000244140625,
        -547.4000244140625,
        -547.2000122070312,
        -545.7999877929688,
        -548.2000122070312,
        -542.4000244140625,
        -547.5999755859375,
        -546.5999755859375,
        -546.7999877929688,
        -547.2000122070312,
        -547.7999877929688,
        -547.0,
        -544.5999755859375,
        -547.4000244140625,
        -546.5999755859375,
        -542.0,
        -546.4000244140625,
        -547.7999877929688,
        -547.0,
        -547.2000122070312,
        -545.2000122070312,
        -548.0,
        -547.0,
        -545.5999755859375,
        -547.5999755859375,
        -545.2000122070312,
        -547.7999877929688,
        -542.0,
        -542.0,
        -542.0,
        -542.0,
        -542.0,
        -542.0,
        -542.0,
        -542.0,
        -542.0,
        -542.0,
        -542.0,
        -542.0,
        -542.0,
        -542.0,
        -542.0,
        -542.0,
        -542.0,
        -542.0,
        -542.0,
        -542.0,
        -542.0,
        -542.0,
        -542.0,
        -542.0,
        -542.0,
        -542.0,
        -542.0,
        -542.0,
        -542.0,
        -542.0,
        -542.0,
        -542.0,
        -547.7999877929688,
        -547.0,
        -547.5999755859375,
        -548.0,
        -547.5999755859375,
        -546.7999877929688,
        -548.0,
        -548.0,
        -547.5999755859375,
        -546.7999877929688,
        -545.0,
        -548.0,
        -547.4000244140625,
        -546.4000244140625,
        -547.7999877929688,
        -547.7999877929688,
        -546.2000122070312,
        -547.7999877929688,
        -545.0,
        -544.5999755859375,
        -546.2000122070312,
        -546.5999755859375,
        -548.0,
        -547.7999877929688,
        -545.0,
        -547.4000244140625,
        -547.4000244140625,
        -547.7999877929688,
        -547.4000244140625,
        -542.0,
        -547.0,
        -547.5999755859375
    ]
}