{
    "Loss": [
        33621740.0
    ],
    "Returns": [
        -903.4000244140625,
        -934.5999755859375,
        -947.7999877929688,
        -915.5999755859375,
        -950.7999877929688,
        -879.4000244140625,
        -855.5999755859375,
        -916.5999755859375,
        -948.2000122070312,
        -940.7999877929688,
        -922.5999755859375,
        -918.7999877929688,
        -943.0,
        -884.0,
        -939.0,
        -901.4000244140625
    ]
}