{
    "Loss": [
        7180.013671875,
        7535.79150390625
    ],
    "Returns": [
        -476.1000061035156,
        -435.70001220703125,
        -390.79998779296875,
        -425.29998779296875,
        -458.3999938964844,
        -383.3999938964844,
        -236.10000610351562,
        -321.3999938964844,
        -372.3999938964844,
        -385.1000061035156,
        -411.8999938964844,
        -467.29998779296875,
        -350.70001220703125,
        -348.29998779296875,
        -241.10000610351562,
        -356.1000061035156,
        -483.6000061035156,
        -470.1000061035156,
        -459.29998779296875,
        -460.20001220703125,
        -468.8999938964844,
        -469.5,
        -457.29998779296875,
        -466.70001220703125,
        -463.5,
        -477.8999938964844,
        -480.70001220703125,
        -470.3999938964844,
        -468.79998779296875,
        -471.6000061035156,
        -456.6000061035156,
        -464.79998779296875
    ]
}