{
    "Loss": [
        1657.864013671875,
        1715.884033203125,
        1811.0916748046875,
        1561.8895263671875,
        982.6212158203125,
        1174.3076171875,
        1040.949462890625,
        924.1268310546875,
        1034.7320556640625,
        615.9710083007812
    ],
    "Returns": [
        -366.0,
        -447.79998779296875,
        -426.3999938964844,
        -416.5,
        -350.5,
        -350.8999938964844,
        -400.0,
        -446.20001220703125,
        -415.5,
        -364.70001220703125,
        -378.1000061035156,
        -393.0,
        -432.20001220703125,
        -453.1000061035156,
        -349.0,
        -480.70001220703125,
        -484.29998779296875,
        -382.79998779296875,
        -451.29998779296875,
        -485.29998779296875,
        -446.8999938964844,
        -268.6000061035156,
        -287.6000061035156,
        -370.29998779296875,
        -403.79998779296875,
        -360.20001220703125,
        -327.1000061035156,
        -392.70001220703125,
        -481.6000061035156,
        -358.3999938964844,
        -399.3999938964844,
        -435.70001220703125,
        -427.1000061035156,
        -448.79998779296875,
        -453.6000061035156,
        -308.0,
        -383.5,
        -484.0,
        -468.0,
        -313.29998779296875,
        -345.70001220703125,
        -341.6000061035156,
        -483.6000061035156,
        -466.0,
        -352.0,
        -313.79998779296875,
        -245.89999389648438,
        -364.8999938964844,
        -365.29998779296875,
        -365.29998779296875,
        -365.29998779296875,
        -365.29998779296875,
        -365.29998779296875,
        -365.29998779296875,
        -365.29998779296875,
        -365.29998779296875,
        -365.29998779296875,
        -365.29998779296875,
        -365.29998779296875,
        -365.29998779296875,
        -365.29998779296875,
        -365.29998779296875,
        -365.29998779296875,
        -365.29998779296875,
        -333.8999938964844,
        -347.5,
        -408.79998779296875,
        -435.3999938964844,
        -374.0,
        -387.79998779296875,
        -478.3999938964844,
        -435.3999938964844,
        -481.29998779296875,
        -365.29998779296875,
        -374.0,
        -365.29998779296875,
        -387.79998779296875,
        -382.29998779296875,
        -478.3999938964844,
        -365.29998779296875,
        -365.29998779296875,
        -365.29998779296875,
        -365.29998779296875,
        -365.29998779296875,
        -365.29998779296875,
        -365.29998779296875,
        -365.29998779296875,
        -365.29998779296875,
        -365.29998779296875,
        -365.29998779296875,
        -365.29998779296875,
        -365.29998779296875,
        -365.29998779296875,
        -365.29998779296875,
        -365.29998779296875,
        -365.29998779296875,
        -365.29998779296875,
        -365.29998779296875,
        -365.29998779296875,
        -365.29998779296875,
        -365.29998779296875,
        -365.29998779296875,
        -365.29998779296875,
        -365.29998779296875,
        -365.29998779296875,
        -365.29998779296875,
        -365.29998779296875,
        -365.29998779296875,
        -365.29998779296875,
        -365.29998779296875,
        -365.29998779296875,
        -365.29998779296875,
        -365.29998779296875,
        -365.29998779296875,
        -365.29998779296875,
        -365.29998779296875,
        -365.29998779296875,
        -365.29998779296875,
        -365.29998779296875,
        -365.29998779296875,
        -365.29998779296875,
        -365.29998779296875,
        -365.29998779296875,
        -365.29998779296875,
        -365.29998779296875,
        -365.29998779296875,
        -365.29998779296875,
        -365.29998779296875,
        -365.29998779296875,
        -365.29998779296875,
        -365.29998779296875,
        -365.29998779296875,
        -365.29998779296875,
        -365.29998779296875,
        -365.29998779296875,
        -365.29998779296875,
        -365.29998779296875,
        -365.29998779296875,
        -365.29998779296875,
        -365.29998779296875,
        -365.29998779296875,
        -365.29998779296875,
        -365.29998779296875,
        -365.29998779296875,
        -409.0,
        -391.20001220703125,
        -383.1000061035156,
        -483.6000061035156,
        -388.8999938964844,
        -480.1000061035156,
        -481.29998779296875,
        -390.79998779296875,
        -391.5,
        -368.79998779296875,
        -488.29998779296875,
        -374.5,
        -347.70001220703125,
        -383.1000061035156,
        -333.8999938964844,
        -467.8999938964844
    ]
}