{
    "Loss": [
        -177.28756713867188,
        354.5670166015625,
        -544.6244506835938,
        -398.44610595703125,
        -1582.06884765625,
        -841.44580078125,
        -1588.5810546875,
        -672.9671630859375,
        -1232.450927734375,
        -800.7616577148438,
        -1026.462890625,
        -1492.9595947265625,
        -1250.8642578125,
        -1119.3021240234375,
        -1829.6107177734375,
        -1206.0625,
        -322.9952392578125
    ],
    "Returns": [
        -630.4000244140625,
        -580.5999755859375,
        -705.7999877929688,
        -759.0,
        -662.5999755859375,
        -642.7999877929688,
        -637.5999755859375,
        -653.5999755859375,
        -578.2000122070312,
        -571.2000122070312,
        -597.4000244140625,
        -601.0,
        -650.2000122070312,
        -579.4000244140625,
        -648.5999755859375,
        -662.5999755859375
    ]
}