{
    "Loss": [
        13548.0830078125
    ],
    "Returns": [
        -1424.4000244140625,
        -1467.4000244140625,
        -1716.5999755859375,
        -1210.199951171875,
        -1116.0,
        -1240.5999755859375,
        -1390.199951171875,
        -1251.4000244140625,
        -1441.0,
        -1285.800048828125,
        -1323.199951171875,
        -1315.199951171875,
        -689.5999755859375,
        -1310.4000244140625,
        -1101.5999755859375,
        -1152.199951171875
    ]
}