{
    "Loss": [
        11240.45703125
    ],
    "Returns": [
        -423.79998779296875,
        -434.6000061035156,
        -446.8999938964844,
        -310.29998779296875,
        -428.20001220703125,
        -457.79998779296875,
        -469.8999938964844,
        -473.20001220703125,
        -271.6000061035156,
        -369.6000061035156,
        -369.79998779296875,
        -353.1000061035156,
        -442.79998779296875,
        -391.6000061035156,
        -446.20001220703125,
        -404.70001220703125
    ]
}