{
    "Loss": [
        -1134488704.0,
        -974357504.0,
        -652310592.0,
        -613411520.0,
        -448085184.0,
        -457347200.0,
        -556381248.0,
        -503429888.0,
        -397450720.0,
        -410488640.0
    ],
    "Returns": [
        -399.5,
        -432.5,
        -420.8999938964844,
        -443.5,
        -416.20001220703125,
        -469.6000061035156,
        -442.5,
        -350.70001220703125,
        -377.79998779296875,
        -293.8999938964844,
        -357.6000061035156,
        -371.0,
        -459.0,
        -462.5,
        -441.0,
        -341.3999938964844,
        -375.5,
        -431.8999938964844,
        -365.5,
        -410.0,
        -282.8999938964844,
        -465.79998779296875,
        -435.20001220703125,
        -477.5,
        -459.29998779296875,
        -371.3999938964844,
        -417.0,
        -461.70001220703125,
        -480.6000061035156,
        -373.29998779296875,
        -475.79998779296875,
        -320.20001220703125,
        -473.8999938964844,
        -433.0,
        -384.8999938964844,
        -456.70001220703125,
        -417.8999938964844,
        -401.0,
        -412.8999938964844,
        -446.20001220703125,
        -455.0,
        -376.5,
        -483.1000061035156,
        -456.8999938964844,
        -427.70001220703125,
        -428.6000061035156,
        -444.8999938964844,
        -446.70001220703125,
        -436.1000061035156,
        -489.3999938964844,
        -420.70001220703125,
        -388.6000061035156,
        -409.79998779296875,
        -419.70001220703125,
        -319.5,
        -427.5,
        -386.8999938964844,
        -378.6000061035156,
        -437.29998779296875,
        -360.6000061035156,
        -389.1000061035156,
        -469.6000061035156,
        -425.70001220703125,
        -384.79998779296875,
        -308.1000061035156,
        -472.20001220703125,
        -473.79998779296875,
        -296.79998779296875,
        -379.1000061035156,
        -479.0,
        -396.79998779296875,
        -458.3999938964844,
        -337.6000061035156,
        -460.20001220703125,
        -393.79998779296875,
        -401.70001220703125,
        -460.70001220703125,
        -464.3999938964844,
        -389.79998779296875,
        -452.5,
        -472.1000061035156,
        -465.3999938964844,
        -415.5,
        -449.79998779296875,
        -446.20001220703125,
        -415.6000061035156,
        -370.79998779296875,
        -483.29998779296875,
        -360.70001220703125,
        -451.6000061035156,
        -486.3999938964844,
        -443.20001220703125,
        -412.5,
        -478.79998779296875,
        -382.70001220703125,
        -472.79998779296875,
        -450.20001220703125,
        -464.3999938964844,
        -356.5,
        -423.1000061035156,
        -418.29998779296875,
        -459.3999938964844,
        -421.1000061035156,
        -420.1000061035156,
        -409.6000061035156,
        -378.6000061035156,
        -405.8999938964844,
        -461.79998779296875,
        -423.1000061035156,
        -337.0,
        -353.70001220703125,
        -369.20001220703125,
        -413.0,
        -454.20001220703125,
        -439.3999938964844,
        -361.0,
        -456.0,
        -325.20001220703125,
        -344.1000061035156,
        -448.8999938964844,
        -468.1000061035156,
        -367.8999938964844,
        -470.20001220703125,
        -457.79998779296875,
        -348.79998779296875,
        -420.3999938964844,
        -321.29998779296875,
        -427.6000061035156,
        -431.1000061035156,
        -432.5,
        -415.5,
        -455.20001220703125,
        -392.6000061035156,
        -420.5,
        -361.70001220703125,
        -390.1000061035156,
        -455.8999938964844,
        -361.20001220703125,
        -486.0,
        -420.8999938964844,
        -353.3999938964844,
        -391.70001220703125,
        -475.79998779296875,
        -479.5,
        -489.70001220703125,
        -427.3999938964844,
        -472.8999938964844,
        -477.70001220703125,
        -486.5,
        -450.20001220703125,
        -422.5,
        -464.29998779296875,
        -405.20001220703125,
        -473.20001220703125,
        -449.79998779296875,
        -444.70001220703125,
        -347.3999938964844,
        -420.6000061035156,
        -358.8999938964844,
        -348.1000061035156
    ]
}