{
    "Loss": [
        8802.62890625,
        8573.8701171875,
        9271.919921875,
        6441.64453125,
        9360.720703125,
        6673.8681640625,
        8190.6640625,
        8531.232421875,
        8252.259765625,
        6947.70947265625
    ],
    "Returns": [
        -374.20001220703125,
        -346.3999938964844,
        -395.70001220703125,
        -276.70001220703125,
        -339.20001220703125,
        -392.79998779296875,
        -319.20001220703125,
        -364.70001220703125,
        -409.29998779296875,
        -351.5,
        -330.20001220703125,
        -391.1000061035156,
        -369.6000061035156,
        -391.29998779296875,
        -370.1000061035156,
        -380.8999938964844,
        -387.3999938964844,
        -335.6000061035156,
        -361.8999938964844,
        -344.79998779296875,
        -358.20001220703125,
        -350.8999938964844,
        -402.79998779296875,
        -330.8999938964844,
        -335.29998779296875,
        -389.5,
        -383.29998779296875,
        -375.1000061035156,
        -331.29998779296875,
        -265.29998779296875,
        -359.6000061035156,
        -366.0,
        -379.8999938964844,
        -379.6000061035156,
        -360.1000061035156,
        -307.70001220703125,
        -379.8999938964844,
        -351.29998779296875,
        -357.5,
        -364.5,
        -287.29998779296875,
        -372.1000061035156,
        -356.5,
        -374.5,
        -358.5,
        -379.70001220703125,
        -379.6000061035156,
        -350.70001220703125,
        -334.20001220703125,
        -352.6000061035156,
        -332.8999938964844,
        -353.79998779296875,
        -379.3999938964844,
        -330.79998779296875,
        -331.0,
        -334.0,
        -357.79998779296875,
        -360.1000061035156,
        -356.6000061035156,
        -333.79998779296875,
        -382.1000061035156,
        -339.3999938964844,
        -333.70001220703125,
        -335.79998779296875,
        -361.3999938964844,
        -375.0,
        -347.70001220703125,
        -308.29998779296875,
        -334.0,
        -319.70001220703125,
        -359.6000061035156,
        -303.29998779296875,
        -357.0,
        -372.8999938964844,
        -328.3999938964844,
        -354.8999938964844,
        -369.79998779296875,
        -326.1000061035156,
        -297.70001220703125,
        -365.29998779296875,
        -334.0,
        -334.0,
        -334.0,
        -334.0,
        -334.0,
        -334.0,
        -334.0,
        -334.0,
        -334.0,
        -334.0,
        -334.0,
        -334.0,
        -334.0,
        -334.0,
        -334.0,
        -334.0,
        -334.0,
        -334.0,
        -334.0,
        -334.0,
        -334.0,
        -334.0,
        -334.0,
        -334.0,
        -334.0,
        -334.0,
        -334.0,
        -334.0,
        -334.0,
        -334.0,
        -334.0,
        -334.0,
        -334.0,
        -334.0,
        -334.0,
        -334.0,
        -334.0,
        -334.0,
        -334.0,
        -334.0,
        -334.0,
        -334.0,
        -334.0,
        -334.0,
        -334.0,
        -334.0,
        -334.0,
        -334.0,
        -334.0,
        -334.0,
        -334.0,
        -334.0,
        -334.0,
        -334.0,
        -334.0,
        -334.0,
        -334.0,
        -334.0,
        -334.0,
        -334.0,
        -334.0,
        -334.0,
        -334.0,
        -334.0,
        -334.0,
        -334.0,
        -334.0,
        -334.0,
        -334.0,
        -334.0,
        -334.0,
        -334.0,
        -334.0,
        -334.0,
        -334.0,
        -334.0,
        -334.0,
        -334.0,
        -334.0,
        -334.0
    ]
}