{
    "Loss": [
        5672.939453125
    ],
    "Returns": [
        -400.29998779296875,
        -406.20001220703125,
        -390.79998779296875,
        -400.5,
        -388.5,
        -401.6000061035156,
        -389.1000061035156,
        -408.20001220703125,
        -409.79998779296875,
        -396.29998779296875,
        -392.29998779296875,
        -409.8999938964844,
        -391.70001220703125,
        -405.70001220703125,
        -409.1000061035156,
        -399.5
    ]
}