{
    "Loss": [
        181532.796875
    ],
    "Returns": [
        -898.5999755859375,
        -946.5999755859375,
        -925.4000244140625,
        -962.4000244140625,
        -896.7999877929688,
        -955.2000122070312,
        -891.4000244140625,
        -915.4000244140625,
        -946.7999877929688,
        -903.2000122070312,
        -935.0,
        -958.4000244140625,
        -846.2000122070312,
        -942.0,
        -930.7999877929688,
        -947.7999877929688
    ]
}