{
    "Loss": [
        94224408.0
    ],
    "Returns": [
        -938.7999877929688,
        -898.7999877929688,
        -826.5999755859375,
        -901.7999877929688,
        -953.4000244140625,
        -887.2000122070312,
        -948.2000122070312,
        -895.5999755859375,
        -951.0,
        -951.2000122070312,
        -871.4000244140625,
        -935.0,
        -862.5999755859375,
        -959.7999877929688,
        -937.7999877929688,
        -899.7999877929688
    ]
}