{
    "Loss": [
        529.9720458984375,
        1616.995849609375,
        111.1798095703125,
        218.63134765625,
        28.141845703125,
        907.748291015625,
        392.318359375,
        434.53912353515625,
        239.5279541015625,
        2733.42626953125
    ],
    "Returns": [
        -748.0,
        -900.4000244140625,
        -943.0,
        -936.0,
        -894.7999877929688,
        -900.2000122070312,
        -806.2000122070312,
        -881.7999877929688,
        -893.7999877929688,
        -897.4000244140625,
        -893.2000122070312,
        -893.0,
        -910.2000122070312,
        -947.5999755859375,
        -929.2000122070312,
        -943.5999755859375,
        -957.4000244140625,
        -959.0,
        -961.2000122070312,
        -957.5999755859375,
        -954.2000122070312,
        -961.2000122070312,
        -959.7999877929688,
        -961.0,
        -951.5999755859375,
        -961.2000122070312,
        -954.7999877929688,
        -960.7999877929688,
        -961.5999755859375,
        -961.0,
        -961.2000122070312,
        -961.4000244140625,
        -847.0,
        -847.2000122070312,
        -845.5999755859375,
        -846.5999755859375,
        -846.0,
        -836.7999877929688,
        -846.5999755859375,
        -847.2000122070312,
        -846.4000244140625,
        -839.5999755859375,
        -847.2000122070312,
        -847.0,
        -846.7999877929688,
        -846.4000244140625,
        -846.7999877929688,
        -848.2000122070312,
        -954.0,
        -952.4000244140625,
        -942.5999755859375,
        -954.0,
        -952.7999877929688,
        -951.5999755859375,
        -943.5999755859375,
        -951.2000122070312,
        -952.5999755859375,
        -952.4000244140625,
        -950.0,
        -947.5999755859375,
        -952.5999755859375,
        -942.7999877929688,
        -943.7999877929688,
        -953.7999877929688,
        -940.4000244140625,
        -939.0,
        -938.5999755859375,
        -937.2000122070312,
        -939.7999877929688,
        -940.4000244140625,
        -930.5999755859375,
        -939.7999877929688,
        -938.0,
        -940.5999755859375,
        -940.4000244140625,
        -940.5999755859375,
        -938.4000244140625,
        -939.5999755859375,
        -939.7999877929688,
        -940.5999755859375,
        -946.2000122070312,
        -946.2000122070312,
        -934.7999877929688,
        -946.5999755859375,
        -944.0,
        -944.0,
        -945.0,
        -946.5999755859375,
        -946.5999755859375,
        -937.0,
        -945.5999755859375,
        -946.4000244140625,
        -946.2000122070312,
        -946.5999755859375,
        -944.7999877929688,
        -946.4000244140625,
        -918.2000122070312,
        -918.2000122070312,
        -918.2000122070312,
        -918.2000122070312,
        -918.2000122070312,
        -918.2000122070312,
        -918.2000122070312,
        -918.2000122070312,
        -918.2000122070312,
        -918.2000122070312,
        -918.2000122070312,
        -918.2000122070312,
        -918.2000122070312,
        -918.2000122070312,
        -918.2000122070312,
        -918.2000122070312,
        -952.0,
        -952.0,
        -942.4000244140625,
        -950.0,
        -951.0,
        -950.5999755859375,
        -952.4000244140625,
        -952.4000244140625,
        -952.7999877929688,
        -952.4000244140625,
        -951.2000122070312,
        -950.4000244140625,
        -952.2000122070312,
        -951.5999755859375,
        -952.5999755859375,
        -952.7999877929688,
        -925.2000122070312,
        -925.2000122070312,
        -925.2000122070312,
        -925.2000122070312,
        -925.2000122070312,
        -925.2000122070312,
        -925.2000122070312,
        -925.2000122070312,
        -925.2000122070312,
        -925.2000122070312,
        -925.2000122070312,
        -925.2000122070312,
        -925.2000122070312,
        -925.2000122070312,
        -925.2000122070312,
        -925.2000122070312,
        -915.5999755859375,
        -915.5999755859375,
        -915.5999755859375,
        -915.5999755859375,
        -915.5999755859375,
        -915.5999755859375,
        -915.5999755859375,
        -915.5999755859375,
        -915.5999755859375,
        -915.5999755859375,
        -915.5999755859375,
        -915.5999755859375,
        -915.5999755859375,
        -915.5999755859375,
        -915.5999755859375,
        -915.5999755859375
    ]
}