{
    "Loss": [
        45090632.0,
        1138121.625,
        14354571.0,
        85699592.0,
        14980361.0,
        40603516.0,
        82893272.0,
        84107688.0,
        30042364.0,
        44779844.0
    ],
    "Returns": [
        -813.0,
        -809.5999755859375,
        -845.7999877929688,
        -927.0,
        -856.0,
        -871.7999877929688,
        -842.0,
        -778.7999877929688,
        -751.4000244140625,
        -796.5999755859375,
        -881.2000122070312,
        -907.4000244140625,
        -844.4000244140625,
        -858.0,
        -882.0,
        -813.0,
        -859.5999755859375,
        -900.4000244140625,
        -762.0,
        -841.4000244140625,
        -791.4000244140625,
        -872.2000122070312,
        -889.7999877929688,
        -923.2000122070312,
        -883.0,
        -920.0,
        -881.4000244140625,
        -855.7999877929688,
        -760.0,
        -796.5999755859375,
        -880.2000122070312,
        -756.7999877929688,
        -852.2000122070312,
        -855.4000244140625,
        -789.0,
        -905.5999755859375,
        -900.7999877929688,
        -886.7999877929688,
        -877.7999877929688,
        -922.0,
        -936.4000244140625,
        -860.0,
        -788.7999877929688,
        -929.5999755859375,
        -829.7999877929688,
        -840.5999755859375,
        -784.2000122070312,
        -729.2000122070312,
        -687.5999755859375,
        -798.5999755859375,
        -876.4000244140625,
        -785.2000122070312,
        -642.5999755859375,
        -891.2000122070312,
        -864.4000244140625,
        -927.4000244140625,
        -907.7999877929688,
        -807.5999755859375,
        -893.2000122070312,
        -846.0,
        -869.5999755859375,
        -892.7999877929688,
        -827.0,
        -890.0,
        -796.5999755859375,
        -949.5999755859375,
        -863.0,
        -867.0,
        -874.0,
        -884.7999877929688,
        -835.7999877929688,
        -785.7999877929688,
        -696.4000244140625,
        -818.4000244140625,
        -866.0,
        -824.0,
        -866.5999755859375,
        -852.4000244140625,
        -858.2000122070312,
        -905.5999755859375,
        -775.4000244140625,
        -815.4000244140625,
        -801.7999877929688,
        -799.4000244140625,
        -873.2000122070312,
        -807.2000122070312,
        -884.4000244140625,
        -842.7999877929688,
        -855.7999877929688,
        -859.0,
        -861.5999755859375,
        -843.2000122070312,
        -799.7999877929688,
        -880.4000244140625,
        -836.0,
        -863.0,
        -727.0,
        -828.7999877929688,
        -838.7999877929688,
        -863.7999877929688,
        -910.2000122070312,
        -838.4000244140625,
        -799.2000122070312,
        -960.7999877929688,
        -837.5999755859375,
        -879.4000244140625,
        -834.5999755859375,
        -833.7999877929688,
        -775.4000244140625,
        -874.2000122070312,
        -864.0,
        -905.4000244140625,
        -848.2000122070312,
        -833.7999877929688,
        -917.7999877929688,
        -815.2000122070312,
        -829.7999877929688,
        -880.2000122070312,
        -849.5999755859375,
        -868.0,
        -854.2000122070312,
        -843.5999755859375,
        -944.7999877929688,
        -761.0,
        -848.4000244140625,
        -783.7999877929688,
        -886.2000122070312,
        -837.5999755859375,
        -767.2000122070312,
        -758.7999877929688,
        -841.7999877929688,
        -850.0,
        -819.5999755859375,
        -892.2000122070312,
        -793.5999755859375,
        -869.7999877929688,
        -879.7999877929688,
        -826.5999755859375,
        -762.5999755859375,
        -899.4000244140625,
        -884.2000122070312,
        -919.4000244140625,
        -844.2000122070312,
        -815.0,
        -921.4000244140625,
        -871.5999755859375,
        -910.4000244140625,
        -912.2000122070312,
        -713.2000122070312,
        -806.0,
        -853.2000122070312,
        -888.4000244140625,
        -834.4000244140625,
        -846.2000122070312,
        -808.2000122070312,
        -814.5999755859375,
        -788.2000122070312,
        -911.4000244140625,
        -857.5999755859375,
        -908.7999877929688
    ]
}