{
    "Loss": [
        1543698.0,
        244438.140625,
        72082.0234375,
        106236.2890625,
        57039.10546875,
        1372583.875,
        730675.625,
        151.982666015625,
        464688.53125,
        703445.875
    ],
    "Returns": [
        -293.70001220703125,
        -297.6000061035156,
        -237.4199981689453,
        -296.1000061035156,
        -281.4599914550781,
        -295.0799865722656,
        -279.8999938964844,
        -293.70001220703125,
        -281.4599914550781,
        -236.10000610351562,
        -296.8800048828125,
        -292.1400146484375,
        -222.24000549316406,
        -296.1000061035156,
        -297.6000061035156,
        -296.760009765625,
        -254.16000366210938,
        -254.16000366210938,
        -237.4199981689453,
        -222.24000549316406,
        -292.1400146484375,
        -297.4200134277344,
        -295.0799865722656,
        -222.24000549316406,
        -296.1000061035156,
        -293.70001220703125,
        -293.70001220703125,
        -295.20001220703125,
        -236.10000610351562,
        -296.70001220703125,
        -285.3599853515625,
        -236.10000610351562,
        -279.8999938964844,
        -279.8999938964844,
        -236.8800048828125,
        -286.9800109863281,
        -285.17999267578125,
        -297.6000061035156,
        -254.16000366210938,
        -281.4599914550781,
        -297.4200134277344,
        -249.83999633789062,
        -262.1400146484375,
        -293.6400146484375,
        -296.760009765625,
        -217.1999969482422,
        -292.260009765625,
        -287.4599914550781,
        -297.4200134277344,
        -254.16000366210938,
        -296.8800048828125,
        -237.4199981689453,
        -292.1400146484375,
        -252.77999877929688,
        -249.83999633789062,
        -281.4599914550781,
        -289.260009765625,
        -295.20001220703125,
        -294.05999755859375,
        -296.70001220703125,
        -231.05999755859375,
        -252.77999877929688,
        -231.05999755859375,
        -236.10000610351562,
        -297.0,
        -296.70001220703125,
        -296.70001220703125,
        -237.4199981689453,
        -281.4599914550781,
        -236.10000610351562,
        -285.17999267578125,
        -188.75999450683594,
        -249.83999633789062,
        -295.0799865722656,
        -295.20001220703125,
        -297.4200134277344,
        -286.9800109863281,
        -249.83999633789062,
        -285.17999267578125,
        -294.05999755859375,
        -287.4599914550781,
        -236.10000610351562,
        -292.260009765625,
        -294.05999755859375,
        -262.1400146484375,
        -237.4199981689453,
        -237.4199981689453,
        -296.8800048828125,
        -297.4200134277344,
        -236.10000610351562,
        -249.83999633789062,
        -296.1000061035156,
        -268.79998779296875,
        -297.0,
        -291.3599853515625,
        -222.24000549316406,
        -222.24000549316406,
        -295.20001220703125,
        -292.260009765625,
        -236.10000610351562,
        -296.1000061035156,
        -279.8999938964844,
        -292.260009765625,
        -236.8800048828125,
        -296.8800048828125,
        -297.4200134277344,
        -295.0799865722656,
        -289.260009765625,
        -188.75999450683594,
        -231.05999755859375,
        -296.8800048828125,
        -222.24000549316406,
        -254.16000366210938,
        -293.70001220703125,
        -279.8999938964844,
        -293.70001220703125,
        -286.9800109863281,
        -292.260009765625,
        -286.9800109863281,
        -236.8800048828125,
        -296.760009765625,
        -296.8800048828125,
        -297.6000061035156,
        -294.05999755859375,
        -295.20001220703125,
        -279.8999938964844,
        -297.4200134277344,
        -285.17999267578125,
        -296.1000061035156,
        -236.10000610351562,
        -296.760009765625,
        -236.10000610351562,
        -237.4199981689453,
        -254.16000366210938,
        -285.3599853515625,
        -296.1000061035156,
        -252.77999877929688,
        -249.83999633789062,
        -293.70001220703125,
        -236.10000610351562,
        -297.4200134277344,
        -252.77999877929688,
        -289.260009765625,
        -217.1999969482422,
        -295.0799865722656,
        -297.0,
        -285.3599853515625,
        -293.70001220703125,
        -287.4599914550781,
        -237.4199981689453,
        -279.8999938964844,
        -297.4200134277344,
        -289.260009765625,
        -254.16000366210938,
        -254.16000366210938,
        -296.70001220703125,
        -291.3599853515625,
        -292.260009765625,
        -295.0799865722656,
        -288.8399963378906
    ]
}