{
    "Loss": [
        1048.844970703125,
        1421.71630859375,
        570.7322998046875,
        41.18994140625,
        153.64845275878906,
        1312.181396484375,
        694.3002319335938,
        1040.9049072265625,
        1095.57080078125,
        931.7459106445312
    ],
    "Returns": [
        -880.2000122070312,
        -910.2000122070312,
        -861.7999877929688,
        -896.5999755859375,
        -888.0,
        -889.7999877929688,
        -842.2000122070312,
        -889.0,
        -906.4000244140625,
        -892.5999755859375,
        -888.2000122070312,
        -891.5999755859375,
        -842.0,
        -887.0,
        -894.5999755859375,
        -897.4000244140625,
        -899.0,
        -899.7999877929688,
        -899.7999877929688,
        -895.2000122070312,
        -847.4000244140625,
        -897.4000244140625,
        -898.4000244140625,
        -899.2000122070312,
        -899.5999755859375,
        -896.4000244140625,
        -898.5999755859375,
        -899.7999877929688,
        -899.5999755859375,
        -900.2000122070312,
        -899.4000244140625,
        -899.4000244140625,
        -954.5999755859375,
        -958.4000244140625,
        -958.4000244140625,
        -963.4000244140625,
        -960.0,
        -955.0,
        -956.4000244140625,
        -955.5999755859375,
        -959.5999755859375,
        -968.4000244140625,
        -957.5999755859375,
        -964.2000122070312,
        -930.5999755859375,
        -893.2000122070312,
        -883.0,
        -964.2000122070312,
        -921.7999877929688,
        -917.0,
        -921.5999755859375,
        -917.5999755859375,
        -921.7999877929688,
        -919.0,
        -913.0,
        -922.4000244140625,
        -922.4000244140625,
        -922.5999755859375,
        -922.5999755859375,
        -920.0,
        -922.2000122070312,
        -919.5999755859375,
        -922.5999755859375,
        -922.2000122070312,
        -912.5999755859375,
        -912.5999755859375,
        -912.5999755859375,
        -912.5999755859375,
        -912.5999755859375,
        -912.5999755859375,
        -912.5999755859375,
        -912.5999755859375,
        -912.5999755859375,
        -912.5999755859375,
        -912.5999755859375,
        -912.5999755859375,
        -912.5999755859375,
        -912.5999755859375,
        -912.5999755859375,
        -912.5999755859375,
        -961.7999877929688,
        -948.0,
        -962.0,
        -959.5999755859375,
        -956.5999755859375,
        -959.0,
        -961.2000122070312,
        -962.0,
        -957.7999877929688,
        -960.4000244140625,
        -953.2000122070312,
        -962.5999755859375,
        -962.4000244140625,
        -962.7999877929688,
        -962.0,
        -960.2000122070312,
        -901.5999755859375,
        -901.5999755859375,
        -901.5999755859375,
        -901.5999755859375,
        -901.5999755859375,
        -901.5999755859375,
        -901.5999755859375,
        -901.5999755859375,
        -901.5999755859375,
        -901.5999755859375,
        -901.5999755859375,
        -901.5999755859375,
        -901.5999755859375,
        -901.5999755859375,
        -901.5999755859375,
        -901.5999755859375,
        -923.4000244140625,
        -925.4000244140625,
        -928.2000122070312,
        -925.2000122070312,
        -926.7999877929688,
        -918.4000244140625,
        -925.0,
        -806.5999755859375,
        -925.4000244140625,
        -926.7999877929688,
        -925.0,
        -927.5999755859375,
        -927.0,
        -926.4000244140625,
        -924.5999755859375,
        -925.2000122070312,
        -936.2000122070312,
        -936.2000122070312,
        -936.2000122070312,
        -936.2000122070312,
        -936.2000122070312,
        -936.2000122070312,
        -936.2000122070312,
        -936.2000122070312,
        -936.2000122070312,
        -936.2000122070312,
        -936.2000122070312,
        -936.2000122070312,
        -936.2000122070312,
        -936.2000122070312,
        -936.2000122070312,
        -936.2000122070312,
        -944.0,
        -944.0,
        -944.0,
        -944.0,
        -944.0,
        -944.0,
        -944.0,
        -944.0,
        -944.0,
        -944.0,
        -944.0,
        -944.0,
        -944.0,
        -944.0,
        -944.0,
        -944.0
    ]
}