{
    "Loss": [
        1.888946593147858e+22
    ],
    "Returns": [
        -829.4000244140625,
        -948.0,
        -962.7999877929688,
        -935.5999755859375,
        -863.7999877929688,
        -840.2000122070312,
        -938.4000244140625,
        -930.5999755859375,
        -882.0,
        -843.2000122070312,
        -933.7999877929688,
        -857.7999877929688,
        -897.4000244140625,
        -939.5999755859375,
        -921.2000122070312,
        -917.7999877929688
    ]
}