{
    "Loss": [
        132.3312225341797,
        -797.1246337890625,
        -531.1085205078125,
        -684.7722778320312,
        -157.37295532226562,
        -515.3441772460938,
        -651.1038208007812,
        671.8876953125,
        -1170.0841064453125,
        -571.22021484375,
        -87.43251037597656,
        -226.01504516601562,
        -418.5607604980469,
        -166.5479736328125,
        157.0394287109375,
        -349.5703430175781,
        -934.718994140625,
        -418.77227783203125,
        -561.882568359375
    ],
    "Returns": [
        -948.5999755859375,
        -962.7999877929688,
        -908.5999755859375,
        -854.4000244140625,
        -928.5999755859375,
        -855.4000244140625,
        -908.5999755859375,
        -930.2000122070312,
        -868.5999755859375,
        -952.7999877929688,
        -931.5999755859375,
        -837.4000244140625,
        -836.5999755859375,
        -836.5999755859375,
        -821.2000122070312,
        -835.5999755859375,
        -836.5999755859375,
        -899.0,
        -936.0,
        -947.7999877929688,
        -947.7999877929688,
        -943.5999755859375,
        -929.4000244140625,
        -943.0,
        -937.7999877929688,
        -962.7999877929688,
        -901.4000244140625,
        -942.7999877929688,
        -907.7999877929688,
        -857.2000122070312,
        -923.4000244140625,
        -862.4000244140625
    ]
}