{
    "Loss": [
        11852.7841796875
    ],
    "Returns": [
        -893.7000122070312,
        -980.4000244140625,
        -1028.699951171875,
        -838.7000122070312,
        -955.2000122070312,
        -943.5999755859375,
        -1019.2000122070312,
        -921.5,
        -1046.9000244140625,
        -1056.5,
        -940.5999755859375,
        -1070.699951171875,
        -998.7999877929688,
        -1059.699951171875,
        -939.2999877929688,
        -1036.699951171875
    ]
}