{
    "Loss": [
        -4108164268032.0,
        -10090422730752.0
    ],
    "Returns": [
        -933.4000244140625,
        -811.4000244140625,
        -934.2000122070312,
        -944.7999877929688,
        -920.5999755859375,
        -897.5999755859375,
        -860.5999755859375,
        -861.0,
        -927.5999755859375,
        -901.4000244140625,
        -891.2000122070312,
        -963.4000244140625,
        -867.7999877929688,
        -930.0,
        -936.4000244140625,
        -818.2000122070312,
        -912.2000122070312,
        -842.5999755859375,
        -950.7999877929688,
        -919.4000244140625,
        -898.5999755859375,
        -843.5999755859375,
        -872.0,
        -938.4000244140625,
        -909.5999755859375,
        -932.2000122070312,
        -944.0,
        -917.5999755859375,
        -957.5999755859375,
        -941.7999877929688,
        -962.0,
        -956.0
    ]
}