{
    "Loss": [
        4.6116829947704115e+18,
        4.535873317302698e+18,
        4.611626095043674e+18,
        4.260157032742519e+18,
        4.215792013439664e+18
    ],
    "Returns": [
        -639.4000244140625,
        -695.5999755859375,
        -654.4000244140625,
        -748.5999755859375,
        -623.0,
        -697.2000122070312,
        -755.5999755859375,
        -587.7999877929688,
        -624.5999755859375,
        -584.0,
        -723.4000244140625,
        -572.7999877929688,
        -642.7999877929688,
        -554.4000244140625,
        -656.0,
        -744.0,
        -704.7999877929688,
        -663.7999877929688,
        -645.0,
        -751.0,
        -609.2000122070312,
        -722.2000122070312,
        -715.7999877929688,
        -795.2000122070312,
        -647.4000244140625,
        -718.2000122070312,
        -676.0,
        -640.5999755859375,
        -727.5999755859375,
        -663.0,
        -656.7999877929688,
        -760.2000122070312,
        -718.0,
        -672.4000244140625,
        -750.5999755859375,
        -674.5999755859375,
        -669.5999755859375,
        -516.5999755859375,
        -674.5999755859375,
        -668.2000122070312,
        -609.5999755859375,
        -588.4000244140625,
        -559.0,
        -641.2000122070312,
        -719.4000244140625,
        -512.0,
        -779.5999755859375,
        -692.5999755859375,
        -595.2000122070312,
        -644.0,
        -675.2000122070312,
        -633.4000244140625,
        -755.2000122070312,
        -591.7999877929688,
        -703.7999877929688,
        -728.5999755859375,
        -650.7999877929688,
        -627.2000122070312,
        -708.4000244140625,
        -590.4000244140625,
        -707.4000244140625,
        -565.5999755859375,
        -572.7999877929688,
        -629.7999877929688,
        -739.0,
        -734.0,
        -712.2000122070312,
        -685.5999755859375,
        -643.5999755859375,
        -736.2000122070312,
        -699.7999877929688,
        -671.2000122070312,
        -697.0,
        -516.0,
        -692.2000122070312,
        -663.0,
        -589.0,
        -710.0,
        -595.2000122070312,
        -451.79998779296875
    ]
}