{
    "Loss": [
        3.6086334462445486e+18
    ],
    "Returns": [
        -880.7999877929688,
        -951.0,
        -932.2000122070312,
        -899.4000244140625,
        -921.5999755859375,
        -968.4000244140625,
        -877.4000244140625,
        -942.5999755859375,
        -845.7999877929688,
        -912.2000122070312,
        -710.5999755859375,
        -918.2000122070312,
        -936.2000122070312,
        -926.4000244140625,
        -938.5999755859375,
        -902.5999755859375
    ]
}