{
    "Loss": [
        63346.59765625
    ],
    "Returns": [
        -918.2000122070312,
        -886.5999755859375,
        -951.4000244140625,
        -918.0,
        -930.0,
        -799.5999755859375,
        -910.7999877929688,
        -954.0,
        -915.4000244140625,
        -843.7999877929688,
        -942.5999755859375,
        -917.7999877929688,
        -926.5999755859375,
        -952.0,
        -920.7999877929688,
        -913.7999877929688
    ]
}