{
    "Loss": [
        259296.40625
    ],
    "Returns": [
        -907.5999755859375,
        -929.0,
        -901.0,
        -921.0,
        -906.5999755859375,
        -915.4000244140625,
        -946.2000122070312,
        -841.5999755859375,
        -930.7999877929688,
        -942.0,
        -927.0,
        -941.7999877929688,
        -863.4000244140625,
        -851.7999877929688,
        -784.4000244140625,
        -882.0
    ]
}