{
    "Loss": [
        -60691368.0,
        -1161313664.0
    ],
    "Returns": [
        -725.5999755859375,
        -955.5999755859375,
        -883.0,
        -852.5999755859375,
        -950.2000122070312,
        -948.2000122070312,
        -945.0,
        -960.5999755859375,
        -916.4000244140625,
        -841.7999877929688,
        -927.4000244140625,
        -931.7999877929688,
        -931.7999877929688,
        -852.7999877929688,
        -867.7999877929688,
        -952.5999755859375,
        -810.7999877929688,
        -825.0,
        -940.7999877929688,
        -820.5999755859375,
        -777.2000122070312,
        -885.5999755859375,
        -679.4000244140625,
        -932.2000122070312,
        -840.5999755859375,
        -876.2000122070312,
        -937.5999755859375,
        -929.7999877929688,
        -870.5999755859375,
        -914.7999877929688,
        -947.5999755859375,
        -945.0
    ]
}