{
    "Loss": [
        115313.0,
        112905.46875,
        126057.3125,
        96872.40625,
        162918.15625,
        112661.15625,
        146767.53125,
        96766.0625,
        143530.140625,
        185238.578125
    ],
    "Returns": [
        -466.20001220703125,
        -392.79998779296875,
        -406.1000061035156,
        -387.70001220703125,
        -449.29998779296875,
        -446.0,
        -388.5,
        -385.3999938964844,
        -450.1000061035156,
        -477.1000061035156,
        -459.20001220703125,
        -464.0,
        -447.29998779296875,
        -395.6000061035156,
        -390.3999938964844,
        -459.5,
        -435.3999938964844,
        -334.79998779296875,
        -449.6000061035156,
        -309.3999938964844,
        -360.6000061035156,
        -332.5,
        -459.79998779296875,
        -287.29998779296875,
        -430.3999938964844,
        -392.5,
        -426.70001220703125,
        -372.5,
        -456.3999938964844,
        -348.8999938964844,
        -423.70001220703125,
        -460.1000061035156,
        -251.6999969482422,
        -251.6999969482422,
        -251.6999969482422,
        -251.6999969482422,
        -251.6999969482422,
        -251.6999969482422,
        -251.6999969482422,
        -251.6999969482422,
        -251.6999969482422,
        -251.6999969482422,
        -251.6999969482422,
        -251.6999969482422,
        -251.6999969482422,
        -251.6999969482422,
        -251.6999969482422,
        -251.6999969482422,
        -359.5,
        -356.79998779296875,
        -351.1000061035156,
        -364.29998779296875,
        -340.8999938964844,
        -337.29998779296875,
        -359.5,
        -400.8999938964844,
        -329.29998779296875,
        -331.79998779296875,
        -334.70001220703125,
        -354.5,
        -364.6000061035156,
        -340.8999938964844,
        -364.70001220703125,
        -355.8999938964844,
        -251.6999969482422,
        -251.6999969482422,
        -251.6999969482422,
        -251.6999969482422,
        -251.6999969482422,
        -251.6999969482422,
        -251.6999969482422,
        -251.6999969482422,
        -251.6999969482422,
        -251.6999969482422,
        -251.6999969482422,
        -251.6999969482422,
        -251.6999969482422,
        -251.6999969482422,
        -251.6999969482422,
        -251.6999969482422,
        -251.6999969482422,
        -251.6999969482422,
        -251.6999969482422,
        -251.6999969482422,
        -251.6999969482422,
        -251.6999969482422,
        -251.6999969482422,
        -251.6999969482422,
        -251.6999969482422,
        -251.6999969482422,
        -251.6999969482422,
        -251.6999969482422,
        -251.6999969482422,
        -251.6999969482422,
        -251.6999969482422,
        -251.6999969482422,
        -251.6999969482422,
        -251.6999969482422,
        -251.6999969482422,
        -251.6999969482422,
        -251.6999969482422,
        -251.6999969482422,
        -251.6999969482422,
        -251.6999969482422,
        -251.6999969482422,
        -251.6999969482422,
        -251.6999969482422,
        -251.6999969482422,
        -251.6999969482422,
        -251.6999969482422,
        -251.6999969482422,
        -251.6999969482422,
        -251.6999969482422,
        -251.6999969482422,
        -251.6999969482422,
        -251.6999969482422,
        -251.6999969482422,
        -251.6999969482422,
        -251.6999969482422,
        -251.6999969482422,
        -251.6999969482422,
        -251.6999969482422,
        -251.6999969482422,
        -251.6999969482422,
        -251.6999969482422,
        -251.6999969482422,
        -251.6999969482422,
        -251.6999969482422,
        -251.6999969482422,
        -251.6999969482422,
        -251.6999969482422,
        -251.6999969482422,
        -251.6999969482422,
        -251.6999969482422,
        -251.6999969482422,
        -251.6999969482422,
        -251.6999969482422,
        -251.6999969482422,
        -251.6999969482422,
        -251.6999969482422,
        -251.6999969482422,
        -251.6999969482422,
        -251.6999969482422,
        -251.6999969482422,
        -251.6999969482422,
        -251.6999969482422,
        -251.6999969482422,
        -251.6999969482422,
        -251.6999969482422,
        -251.6999969482422,
        -251.6999969482422,
        -251.6999969482422,
        -251.6999969482422,
        -251.6999969482422,
        -251.6999969482422,
        -251.6999969482422,
        -251.6999969482422,
        -251.6999969482422,
        -251.6999969482422,
        -251.6999969482422
    ]
}