{
    "Loss": [
        3238.97265625
    ],
    "Returns": [
        -400.5,
        -429.20001220703125,
        -416.5,
        -379.0,
        -473.70001220703125,
        -476.79998779296875,
        -349.79998779296875,
        -483.1000061035156,
        -317.79998779296875,
        -397.0,
        -347.6000061035156,
        -337.5,
        -403.0,
        -424.8999938964844,
        -403.79998779296875,
        -267.79998779296875
    ]
}