{
    "Loss": [
        25117478.0,
        32683562.0
    ],
    "Returns": [
        -880.0,
        -957.5999755859375,
        -913.5999755859375,
        -847.5999755859375,
        -889.0,
        -934.4000244140625,
        -908.0,
        -921.7999877929688,
        -788.4000244140625,
        -951.4000244140625,
        -924.4000244140625,
        -811.0,
        -892.5999755859375,
        -925.5999755859375,
        -715.0,
        -867.4000244140625,
        -942.2000122070312,
        -940.0,
        -886.5999755859375,
        -808.5999755859375,
        -955.7999877929688,
        -917.2000122070312,
        -874.4000244140625,
        -913.5999755859375,
        -939.7999877929688,
        -916.4000244140625,
        -909.5999755859375,
        -910.7999877929688,
        -944.2000122070312,
        -906.0,
        -909.4000244140625,
        -945.4000244140625
    ]
}