{
    "Loss": [
        2535547.75,
        185770.046875,
        15483149.0,
        801087.0625,
        226.98004150390625,
        173960.671875,
        354763.90625,
        58366.94921875,
        5771.56640625,
        27481.560546875
    ],
    "Returns": [
        -898.5999755859375,
        -898.5999755859375,
        -898.5999755859375,
        -898.5999755859375,
        -898.5999755859375,
        -898.5999755859375,
        -898.5999755859375,
        -898.5999755859375,
        -898.5999755859375,
        -898.5999755859375,
        -898.5999755859375,
        -898.5999755859375,
        -898.5999755859375,
        -898.5999755859375,
        -898.5999755859375,
        -898.5999755859375,
        -907.7999877929688,
        -907.7999877929688,
        -907.7999877929688,
        -907.7999877929688,
        -907.7999877929688,
        -907.7999877929688,
        -907.7999877929688,
        -907.7999877929688,
        -907.7999877929688,
        -907.7999877929688,
        -907.7999877929688,
        -907.7999877929688,
        -907.7999877929688,
        -907.7999877929688,
        -907.7999877929688,
        -907.7999877929688,
        -932.2000122070312,
        -932.2000122070312,
        -932.2000122070312,
        -932.2000122070312,
        -932.2000122070312,
        -932.2000122070312,
        -932.2000122070312,
        -932.2000122070312,
        -932.2000122070312,
        -932.2000122070312,
        -932.2000122070312,
        -932.2000122070312,
        -932.2000122070312,
        -932.2000122070312,
        -932.2000122070312,
        -932.2000122070312,
        -943.7999877929688,
        -943.7999877929688,
        -943.7999877929688,
        -943.7999877929688,
        -943.7999877929688,
        -943.7999877929688,
        -943.7999877929688,
        -943.7999877929688,
        -943.7999877929688,
        -943.7999877929688,
        -943.7999877929688,
        -943.7999877929688,
        -943.7999877929688,
        -943.7999877929688,
        -943.7999877929688,
        -943.7999877929688,
        -939.2000122070312,
        -939.2000122070312,
        -939.2000122070312,
        -939.2000122070312,
        -939.2000122070312,
        -939.2000122070312,
        -939.2000122070312,
        -939.2000122070312,
        -939.2000122070312,
        -939.2000122070312,
        -939.2000122070312,
        -939.2000122070312,
        -939.2000122070312,
        -939.2000122070312,
        -939.2000122070312,
        -939.2000122070312,
        -939.0,
        -939.0,
        -939.0,
        -939.0,
        -939.0,
        -939.0,
        -939.0,
        -939.0,
        -939.0,
        -939.0,
        -939.0,
        -939.0,
        -939.0,
        -939.0,
        -939.0,
        -939.0,
        -947.2000122070312,
        -947.2000122070312,
        -947.2000122070312,
        -947.2000122070312,
        -947.2000122070312,
        -947.2000122070312,
        -947.2000122070312,
        -947.2000122070312,
        -947.2000122070312,
        -947.2000122070312,
        -947.2000122070312,
        -947.2000122070312,
        -947.2000122070312,
        -947.2000122070312,
        -947.2000122070312,
        -947.2000122070312,
        -903.0,
        -903.0,
        -903.0,
        -903.0,
        -903.0,
        -903.0,
        -903.0,
        -903.0,
        -903.0,
        -903.0,
        -903.0,
        -903.0,
        -903.0,
        -903.0,
        -903.0,
        -903.0,
        -853.0,
        -853.0,
        -853.0,
        -853.0,
        -853.0,
        -853.0,
        -853.0,
        -853.0,
        -853.0,
        -853.0,
        -853.0,
        -853.0,
        -853.0,
        -853.0,
        -853.0,
        -853.0,
        -804.5999755859375,
        -804.5999755859375,
        -804.5999755859375,
        -804.5999755859375,
        -804.5999755859375,
        -804.5999755859375,
        -804.5999755859375,
        -804.5999755859375,
        -804.5999755859375,
        -804.5999755859375,
        -804.5999755859375,
        -804.5999755859375,
        -804.5999755859375,
        -804.5999755859375,
        -804.5999755859375,
        -804.5999755859375
    ]
}