{
    "Loss": [
        1.888946593147858e+22,
        1.888946593147858e+22,
        1.888946593147858e+22,
        1.888946593147858e+22,
        1.8889463679678767e+22
    ],
    "Returns": [
        -842.0,
        -904.7999877929688,
        -950.7999877929688,
        -940.7999877929688,
        -931.5999755859375,
        -932.4000244140625,
        -924.2000122070312,
        -942.4000244140625,
        -932.7999877929688,
        -817.2000122070312,
        -864.7999877929688,
        -864.2000122070312,
        -852.7999877929688,
        -893.7999877929688,
        -945.0,
        -934.5999755859375,
        -897.0,
        -946.7999877929688,
        -948.0,
        -923.4000244140625,
        -819.4000244140625,
        -938.2000122070312,
        -928.0,
        -737.2000122070312,
        -908.2000122070312,
        -943.2000122070312,
        -751.4000244140625,
        -959.4000244140625,
        -849.2000122070312,
        -918.4000244140625,
        -943.4000244140625,
        -853.7999877929688,
        -909.4000244140625,
        -931.2000122070312,
        -885.7999877929688,
        -933.7999877929688,
        -900.7999877929688,
        -951.4000244140625,
        -944.4000244140625,
        -972.7999877929688,
        -901.0,
        -872.7999877929688,
        -906.0,
        -845.2000122070312,
        -921.0,
        -943.4000244140625,
        -955.0,
        -901.7999877929688,
        -887.2000122070312,
        -947.0,
        -877.2000122070312,
        -939.4000244140625,
        -916.2000122070312,
        -931.4000244140625,
        -904.2000122070312,
        -949.2000122070312,
        -895.4000244140625,
        -929.2000122070312,
        -938.5999755859375,
        -932.2000122070312,
        -809.5999755859375,
        -929.2000122070312,
        -904.2000122070312,
        -940.2000122070312,
        -887.2000122070312,
        -943.0,
        -953.7999877929688,
        -937.4000244140625,
        -946.2000122070312,
        -906.7999877929688,
        -873.0,
        -860.0,
        -932.5999755859375,
        -945.5999755859375,
        -936.7999877929688,
        -942.0,
        -906.7999877929688,
        -923.5999755859375,
        -928.4000244140625,
        -903.5999755859375
    ]
}