{
    "Loss": [
        6.659274610609148e+21,
        1.1994995333929636e+22,
        1.8889461427878953e+22,
        1.8889452420679699e+22,
        1.8889452420679699e+22,
        1.8889411888283052e+22,
        1.8889429902681562e+22,
        1.8889285787493486e+22,
        1.8889528981873364e+22,
        1.888903808951398e+22
    ],
    "Returns": [
        -851.2000122070312,
        -822.7999877929688,
        -877.2000122070312,
        -859.4000244140625,
        -897.4000244140625,
        -941.4000244140625,
        -936.7999877929688,
        -861.7999877929688,
        -899.0,
        -819.5999755859375,
        -865.5999755859375,
        -892.7999877929688,
        -877.4000244140625,
        -797.2000122070312,
        -802.2000122070312,
        -862.0,
        -835.2000122070312,
        -789.0,
        -771.0,
        -800.4000244140625,
        -811.0,
        -815.2000122070312,
        -803.5999755859375,
        -778.4000244140625,
        -803.2000122070312,
        -774.7999877929688,
        -819.0,
        -816.4000244140625,
        -836.7999877929688,
        -813.0,
        -832.5999755859375,
        -763.4000244140625,
        -823.0,
        -898.2000122070312,
        -817.5999755859375,
        -879.2000122070312,
        -886.5999755859375,
        -855.2000122070312,
        -833.7999877929688,
        -780.4000244140625,
        -861.0,
        -807.4000244140625,
        -883.5999755859375,
        -886.0,
        -885.7999877929688,
        -882.2000122070312,
        -892.0,
        -889.5999755859375,
        -888.5999755859375,
        -851.2000122070312,
        -895.4000244140625,
        -852.4000244140625,
        -884.7999877929688,
        -866.0,
        -885.7999877929688,
        -877.7999877929688,
        -892.7999877929688,
        -820.4000244140625,
        -893.0,
        -804.7999877929688,
        -840.2000122070312,
        -872.4000244140625,
        -888.7999877929688,
        -856.5999755859375,
        -871.0,
        -849.5999755859375,
        -876.5999755859375,
        -826.0,
        -875.4000244140625,
        -883.2000122070312,
        -873.5999755859375,
        -871.7999877929688,
        -839.7999877929688,
        -871.4000244140625,
        -889.7999877929688,
        -889.0,
        -886.2000122070312,
        -874.0,
        -788.7999877929688,
        -872.2000122070312,
        -841.5999755859375,
        -808.4000244140625,
        -839.5999755859375,
        -826.2000122070312,
        -828.7999877929688,
        -751.7999877929688,
        -828.2000122070312,
        -832.4000244140625,
        -796.7999877929688,
        -835.2000122070312,
        -757.7999877929688,
        -832.4000244140625,
        -836.7999877929688,
        -830.7999877929688,
        -832.2000122070312,
        -828.2000122070312,
        -840.2000122070312,
        -835.2000122070312,
        -732.0,
        -841.0,
        -820.2000122070312,
        -881.4000244140625,
        -816.7999877929688,
        -873.0,
        -889.2000122070312,
        -816.2000122070312,
        -819.0,
        -798.2000122070312,
        -882.5999755859375,
        -839.7999877929688,
        -886.7999877929688,
        -890.0,
        -869.7999877929688,
        -837.0,
        -865.4000244140625,
        -830.2000122070312,
        -860.7999877929688,
        -847.4000244140625,
        -884.5999755859375,
        -821.2000122070312,
        -880.2000122070312,
        -882.5999755859375,
        -829.5999755859375,
        -868.4000244140625,
        -867.5999755859375,
        -830.7999877929688,
        -800.7999877929688,
        -834.7999877929688,
        -880.0,
        -864.5999755859375,
        -850.2000122070312,
        -869.7999877929688,
        -871.7999877929688,
        -890.4000244140625,
        -870.5999755859375,
        -879.0,
        -834.2000122070312,
        -865.4000244140625,
        -822.4000244140625,
        -839.2000122070312,
        -888.4000244140625,
        -899.7999877929688,
        -884.7999877929688,
        -874.4000244140625,
        -841.5999755859375,
        -835.7999877929688,
        -830.4000244140625,
        -833.5999755859375,
        -813.4000244140625,
        -793.7999877929688,
        -805.2000122070312,
        -824.5999755859375,
        -839.7999877929688,
        -821.5999755859375,
        -820.0,
        -829.2000122070312,
        -784.5999755859375,
        -800.7999877929688,
        -825.7999877929688,
        -838.2000122070312
    ]
}