{
    "Loss": [
        564165.375
    ],
    "Returns": [
        -914.4000244140625,
        -914.4000244140625,
        -914.4000244140625,
        -914.4000244140625,
        -914.4000244140625,
        -914.4000244140625,
        -914.4000244140625,
        -914.4000244140625,
        -914.4000244140625,
        -914.4000244140625,
        -914.4000244140625,
        -914.4000244140625,
        -914.4000244140625,
        -914.4000244140625,
        -914.4000244140625,
        -914.4000244140625
    ]
}