{
    "Loss": [
        1.888946593147858e+22
    ],
    "Returns": [
        -835.2000122070312,
        -904.2000122070312,
        -932.0,
        -884.5999755859375,
        -752.2000122070312,
        -902.0,
        -901.4000244140625,
        -964.7999877929688,
        -855.2000122070312,
        -945.7999877929688,
        -920.0,
        -744.4000244140625,
        -941.0,
        -944.4000244140625,
        -707.5999755859375,
        -923.5999755859375
    ]
}