{
    "Loss": [
        318.8968200683594,
        471.6675109863281,
        754.7764282226562,
        552.5034790039062,
        -25.123611450195312,
        519.0093383789062,
        696.3440551757812,
        49.20698547363281,
        69.51326751708984,
        461.01702880859375,
        110.35214233398438,
        364.0290222167969,
        327.1054992675781,
        78.30061340332031,
        31.714508056640625,
        375.7143249511719,
        343.697265625,
        591.2423095703125,
        -203.91261291503906,
        885.7017822265625,
        2035.85302734375,
        87.0997314453125,
        179.919677734375,
        -10.701568603515625,
        415.46136474609375,
        293.3504943847656,
        268.7662048339844,
        4.634429931640625,
        390.34613037109375,
        529.8441162109375,
        256.37493896484375,
        99.02139282226562,
        200.61044311523438,
        359.2362976074219,
        505.3990783691406,
        219.99896240234375,
        147.43624877929688,
        282.4682312011719,
        13.222076416015625,
        337.3081970214844,
        539.8314819335938,
        520.1478881835938,
        -308.3216552734375,
        -110.0565185546875,
        651.376953125,
        470.9515380859375,
        118.84417724609375,
        -19.7587890625,
        330.7866516113281,
        364.4769287109375,
        231.24249267578125,
        257.8125,
        413.76092529296875,
        846.4666748046875,
        -7.68072509765625,
        -407.4248046875,
        295.3957824707031,
        2290.83203125,
        246.27310180664062,
        -301.67572021484375,
        -355.48822021484375,
        439.2354736328125,
        26.927825927734375,
        556.1261596679688,
        280.92156982421875,
        -200.51669311523438,
        364.5426940917969,
        431.4151306152344,
        256.01702880859375,
        176.91152954101562,
        403.1632080078125,
        -317.72515869140625,
        161.6922607421875,
        -476.6458740234375,
        1628.9947509765625,
        -292.1431579589844,
        -214.81674194335938,
        -225.68475341796875,
        -500.7733154296875,
        716.948974609375
    ],
    "Returns": [
        -1836.4000244140625,
        -1815.800048828125,
        -1833.4000244140625,
        -1745.4000244140625,
        -1747.5999755859375,
        -1887.5999755859375,
        -1928.5999755859375,
        -1919.5999755859375,
        -2047.4000244140625,
        -1739.4000244140625,
        -1842.800048828125,
        -1753.199951171875,
        -1664.800048828125,
        -1804.5999755859375,
        -1659.4000244140625,
        -1735.4000244140625,
        -1750.0,
        -1732.199951171875,
        -1833.4000244140625,
        -1802.800048828125,
        -1984.800048828125,
        -1729.5999755859375,
        -1715.4000244140625,
        -1768.4000244140625,
        -1843.4000244140625,
        -1850.199951171875,
        -1953.0,
        -1813.5999755859375,
        -1776.0,
        -1648.800048828125,
        -1962.0,
        -1814.199951171875,
        -1793.5999755859375,
        -1806.199951171875,
        -1789.800048828125,
        -1744.4000244140625,
        -1740.4000244140625,
        -1809.4000244140625,
        -1854.800048828125,
        -1750.800048828125,
        -1609.800048828125,
        -1588.0,
        -1772.0,
        -1887.5999755859375,
        -1690.5999755859375,
        -1902.0,
        -1718.800048828125,
        -1701.4000244140625,
        -1604.4000244140625,
        -1795.4000244140625,
        -1834.199951171875,
        -1843.0,
        -1803.199951171875,
        -1863.0,
        -1782.0,
        -1625.800048828125,
        -1583.0,
        -1830.4000244140625,
        -1362.4000244140625,
        -1883.4000244140625,
        -1875.199951171875,
        -1875.5999755859375,
        -1539.800048828125,
        -1807.5999755859375
    ]
}