{
    "Loss": [
        40.44221878051758,
        31.64136505126953,
        30.189138412475586,
        32.05046081542969,
        32.207069396972656,
        31.170392990112305,
        39.40955352783203,
        29.003965377807617,
        26.651657104492188,
        25.34939956665039,
        26.814586639404297,
        22.503217697143555,
        19.861915588378906,
        17.546955108642578,
        23.499616622924805,
        22.518949508666992,
        1975.9615478515625,
        1901.2061767578125,
        1705.5328369140625,
        3765.228759765625,
        3825.507568359375,
        7374.11474609375,
        7271.162109375,
        3607.537109375,
        3804.55517578125,
        7165.6943359375,
        8885.2177734375,
        5540.10693359375,
        5725.9345703125,
        3665.89111328125,
        5728.28662109375,
        3534.978515625,
        1765.1934814453125,
        21.14760398864746,
        1846.53515625,
        1763.397216796875,
        3736.053466796875,
        7245.31005859375
    ],
    "Returns": [
        -1805.5999755859375,
        -1979.5999755859375,
        -1833.199951171875,
        -1975.5999755859375,
        -1901.800048828125,
        -1721.0,
        -1780.5999755859375,
        -1904.800048828125,
        -1764.5999755859375,
        -1789.0,
        -1847.0,
        -1902.800048828125,
        -1708.0,
        -1746.4000244140625,
        -1900.199951171875,
        -1832.4000244140625,
        -1776.0,
        -1874.0,
        -1859.800048828125,
        -1823.5999755859375,
        -1732.0,
        -1895.199951171875,
        -1839.5999755859375,
        -1695.5999755859375,
        -1737.800048828125,
        -1773.199951171875,
        -1818.4000244140625,
        -1895.4000244140625,
        -1709.0,
        -1776.0,
        -1923.199951171875,
        -1833.4000244140625
    ]
}